"",,,,,,,,,,,,Inter-,
"",,,,,,,Academic,Employer,Faculty,Citations,International,,
"",,,,Classifi cation,,,,,,,,national,
"",,,,,,,Reputation,Reputation,Student,per Paper,Faculty,,
"",,,,,,,,,,,,Students,
"",,Institution Name,,,,,,,,,,,
"",,MASSACHUSETTS INSTITUTE OF TECHNOLOGY,,,,,,,,,,,
1,1,,M,CO VH,5,B,100,100,100,99.9,100,96.1,100
"",,(MIT),,,,,,,,,,,
2,2,STANFORD UNIVERSITY,L,FC VH,5,B,100,100,100,99.4,99.6,72.7,98.7
3,3,HARVARD UNIVERSITY,L,FC VH,5,B,100,100,98.3,99.9,96.5,75.2,98.4
"",,CALIFORNIA INSTITUTE OF TECHNOLOGY,,,,,,,,,,,
4,5,,S,CO VH,5,B,99.5,85.4,100,100,93.4,89.2,97.7
"",,(CALTECH),,,,,,,,,,,
5,4,UNIVERSITY OF CAMBRIDGE,L,FC VH,5,A,100,100,100,78.3,97.4,97.7,95.6
6,6,UNIVERSITY OF OXFORD,L,FC VH,5,A,100,100,100,76.3,98.6,98.5,95.3
7,7,UCL (UNIVERSITY COLLEGE LONDON),XL,FC VH,5,A,99.7,99.5,99.1,74.7,96.6,100,94.6
8,9,IMPERIAL COLLEGE LONDON,L,FC VH,5,A,99.4,100,100,68.7,100,100,93.7
9,10,UNIVERSITY OF CHICAGO,L,FC VH,5,B,99.9,92.9,96.5,85.9,71.9,79.8,93.5
"",,ETH ZURICH (SWISS FEDERAL INSTITUTE OF,,,,,,,,,,,
10,8,,L,CO VH,5,A,99.6,99.4,68.2,98.7,100,98.8,93.3
"",,TECHNOLOGY),,,,,,,,,,,
11,13,NANYANG TECHNOLOGICAL UNIVERSITY (NTU),L,FC VH,3,A,93.9,96.6,93.6,83.3,100,88.2,92.2
"",,ECOLE POLYTECHNIQUE FEDERALE DE LAUSANNE,,,,,,,,,,,
12,14,,M,FO VH,5,A,83,95.5,92,99.2,100,100,91.2
"",,(EPFL),,,,,,,,,,,
13,11,PRINCETON UNIVERSITY,M,CO VH,5,B,100,97.3,70.9,100,67.4,70.8,91
14,16,CORNELL UNIVERSITY,L,FC VH,5,B,99.6,93.7,67.4,96.2,92.2,79.2,90.7
15,12,NATIONAL UNIVERSITY OF SINGAPORE (NUS),XL,FC VH,5,A,100,99.9,88.8,66.2,100,86.1,90.5
16,15,YALE UNIVERSITY,L,FC VH,5,B,100,99.8,100,63.2,90.7,61.7,90.4
17,17,JOHNS HOPKINS UNIVERSITY,L,FC VH,5,B,94.3,66.4,100,83.9,87.9,81.3,89.8
18,20,COLUMBIA UNIVERSITY,L,FC VH,5,B,99.9,98.1,100,62.3,34.7,94.9,88.9
19,18,UNIVERSITY OF PENNSYLVANIA,L,FC VH,5,B,97.4,94.9,100,67.4,67.1,64.5,88.7
20,22,AUSTRALIAN NATIONAL UNIVERSITY (ANU),L,FC VH,4,A,99.3,90.4,55.3,85.6,100,98.8,87.1
21=,24=,DUKE UNIVERSITY,L,FC VH,5,B,94,78.1,98.1,91.4,14.2,56.6,87
21=,23,UNIVERSITY OF MICHIGAN,XL,FC VH,5,A,99.7,92.2,89.6,66.7,78,51.2,87
23=,21,KING’S COLLEGE LONDON (KCL),L,FC VH,5,A,92.8,92.4,87.6,64.8,97.4,99.2,86.9
23=,19,UNIVERSITY OF EDINBURGH,L,FC VH,5,A,99.1,96.6,83.5,55.5,94.9,98.6,86.9
25,24=,TSINGHUA UNIVERSITY,XL,FC VH,5,A,99.2,99.6,86.7,75.3,42.1,25.6,85.6
26,27,UNIVERSITY OF HONG KONG (HKU),L,FC VH,5,A,99.1,93.4,85.3,46.3,100,99.4,85.5
27,28,"UNIVERSITY OF CALIFORNIA, BERKELEY (UCB)",XL,FC VH,5,A,100,99.9,36.2,99.3,97.7,54.6,84.9
28=,26,NORTHWESTERN UNIVERSITY,L,FC VH,5,B,91.3,76.6,98.6,75.4,57.9,55,84.8
28=,34,THE UNIVERSITY OF TOKYO,L,FC VH,5,A,100,99.8,92.6,73.3,9.7,20.2,84.8
"",,THE HONG KONG UNIVERSITY OF SCIENCE AND,,,,,,,,,,,
30,36,,M,CO VH,3,A,93,87.2,54.9,87.7,100,93,84.3
"",,TECHNOLOGY (HKUST),,,,,,,,,,,
31,32,UNIVERSITY OF TORONTO,XL,FC VH,5,A,99.7,95.6,74.5,50,97,92.1,84
32,30,MCGILL UNIVERSITY,L,FC VH,5,A,96.9,96.1,69.4,61.4,88.9,95.6,83.9
33,31,"UNIVERSITY OF CALIFORNIA, LOS ANGELES (UCLA)",XL,FC VH,4,A,100,99.4,43.7,97.5,54,50,83.6
34,29,THE UNIVERSITY OF MANCHESTER,XL,FC VH,5,A,97.4,99.4,75.4,47.5,89.3,98.3,83
"",,LONDON SCHOOL OF ECONOMICS AND,,,,,,,,,,,
35,37=,,M,SP VH,5,A,90.3,100,55.9,71.7,100,100,81.8
"",,POLITICAL SCIENCE (LSE),,,,,,,,,,,
36=,37=,KYOTO UNIVERSITY,L,FC VH,5,A,99.7,94.9,95.7,56.4,13.1,17.1,81.5
36=,35,SEOUL NATIONAL UNIVERSITY (SNU),L,FC VH,4,A,98.9,97.4,79.8,70.6,23,16,81.5
38=,39,PEKING UNIVERSITY,XL,FC VH,5,A,99.8,99.9,66.6,61.7,52.8,48.5,80.8
38=,40,"UNIVERSITY OF CALIFORNIA, SAN DIEGO (UCSD)",XL,FC VH,4,A,96,61.3,58.9,90.3,64.6,59.9,80.8
40,43,FUDAN UNIVERSITY,L,FC VH,5,A,91.4,97.1,76.1,63.7,79.5,45.2,80.6
"",,KAIST - KOREA ADVANCED INSTITUTE OF SCIENCE,,,,,,,,,,,
41=,46=,,M,CO VH,3,A,89.4,87.4,70.1,99.5,25.2,10,80.4
"",,AND TECHNOLOGY,,,,,,,,,,,
41=,42,THE UNIVERSITY OF MELBOURNE,XL,FC VH,5,A,99.8,99.5,26.2,77.2,94.7,99.7,80.4
43,33,"ECOLE NORMALE SUPERIEURE, PARIS (ENS PARIS)",S,SP VH,5,B,80.2,78.6,60.4,100,94.4,60.4,79.9
44,41,UNIVERSITY OF BRISTOL,L,FC VH,5,A,85.7,95.5,79.2,56.4,87.9,79.2,79.5
45,49=,THE UNIVERSITY OF NEW SOUTH WALES (UNSW),XL,FC VH,4,A,96.4,98.4,22.4,79.8,100,97.8,78.9
46,44,THE CHINESE UNIVERSITY OF HONG KONG (CUHK),L,FC VH,4,A,94.3,83.3,66,50.7,99.8,84.9,78.8
47=,58,CARNEGIE MELLON UNIVERSITY,L,FC VH,5,B,85,85.1,43.2,95.6,62.3,100,78.6
47=,51=,THE UNIVERSITY OF QUEENSLAND (UQ),XL,FC VH,5,A,94.6,84.1,30.8,83.4,100,87.3,78.6
49,55,CITY UNIVERSITY OF HONG KONG,M,CO VH,3,A,70.8,50.5,83.6,91.5,100,97.5,78.4
50,46=,THE UNIVERSITY OF SYDNEY,XL,FC VH,5,A,99.3,98.3,21.4,70.3,100,98.1,78
"",,,,,,,,,,,,Inter-,
"",,,,,,,Academic,Employer,Faculty,Citations,International,,
"",,,,Classifi cation,,,,,,,,national,
"",,,,,,,Reputation,Reputation,Student,per Paper,Faculty,,
"",,,,,,,,,,,,Students,
"",,Institution Name,,,,,,,,,,,
51,45,UNIVERSITY OF BRITISH COLUMBIA,XL,FC VH,5,A,99.1,95.5,37.9,63.7,91.5,72.2,77.9
52,46=,NEW YORK UNIVERSITY (NYU),XL,FC VH,5,B,97.9,92.6,95.5,23.4,14.5,84.1,77.3
53,49=,BROWN UNIVERSITY,M,FC VH,5,B,72.5,56.9,80.3,92.5,80.2,60.9,76.5
54,62,DELFT UNIVERSITY OF TECHNOLOGY,L,CO VH,5,A,79.7,91,36.7,91.6,97.7,87.4,76.1
55,53=,UNIVERSITY OF WISCONSIN-MADISON,XL,FC VH,5,A,94,62.1,84,54.2,53.2,30.9,75.8
56,56,TOKYO INSTITUTE OF TECHNOLOGY,M,CO VH,5,A,83.1,83.7,90.1,62.4,26.5,24.4,74.8
57,51=,THE UNIVERSITY OF WARWICK,L,FC VH,4,A,83.5,98.9,51.2,54.1,98,99,74.4
58,57,UNIVERSITY OF AMSTERDAM,L,FC VH,5,A,90.1,66.1,45.2,83.5,75.4,38.9,74.3
59,53=,ECOLE POLYTECHNIQUE,S,CO VH,5,A,61.2,99.9,99.3,50.8,96.4,90.8,74
60,65,MONASH UNIVERSITY,XL,FC VH,4,A,93.6,95.2,11.9,68.5,100,97.7,73.1
61,59,UNIVERSITY OF WASHINGTON,XL,FC VH,5,A,92.3,56.7,28,98.8,57.2,39.4,72.9
62,61,SHANGHAI JIAO TONG UNIVERSITY,XL,FC VH,5,A,87,97.4,36.7,81.5,69.2,13.4,72.5
63,63=,OSAKA UNIVERSITY,L,FC VH,4,A,88.5,75.4,71.9,63.1,21.5,18.9,72.1
64,60,TECHNISCHE UNIVERSITAT MUNCHEN,XL,CO VH,5,A,86.3,98.7,86.4,26.6,53,44.8,72
65,63=,UNIVERSITY OF GLASGOW,L,FC VH,5,A,80.4,66.6,60.7,55.5,90.5,96.6,71.6
66,68=,LUDWIG-MAXIMILIANS-UNIVERSITAT MUNCHEN,XL,FC VH,5,A,95.8,88.2,38.9,55.1,54.8,38.6,70.8
67,67,UNIVERSITY OF TEXAS AT AUSTIN,XL,FC VH,5,A,97.6,82.1,13.5,95.7,6.3,20.9,70.6
68,72,RUPRECHT-KARLS-UNIVERSITAT HEIDELBERG,L,FC VH,5,A,87.6,76.5,76.6,34.8,50.5,55.2,70.4
69,66,UNIVERSITY OF ILLINOIS AT URBANA-CHAMPAIGN,XL,FC VH,5,A,95.1,59.8,14.2,93.5,20.4,71.2,70.3
"",,GEORGIA INSTITUTE OF TECHNOLOGY (GEORGIA,,,,,,,,,,,
70,71,,L,CO VH,5,A,79.1,79.4,31.7,99.1,11.7,72.1,70.1
"",,TECH),,,,,,,,,,,
71=,79,KATHOLIEKE UNIVERSITEIT LEUVEN,XL,FC VH,5,A,88.1,78,10.4,88.9,84.8,41.6,69.4
"",,POHANG UNIVERSITY OF SCIENCE AND,,,,,,,,,,,
71=,83,,S,FO VH,3,B,50.9,65.6,99.5,99.8,42.4,6.2,69.4
"",,TECHNOLOGY (POSTECH),,,,,,,,,,,
73=,68=,UNIVERSITY OF COPENHAGEN,XL,FC VH,5,A,81.7,54.2,99.9,26.9,84.9,26.5,69.2
73=,80,UNIVERSITY OF ZURICH,L,FC VH,5,A,68.3,78.1,98.1,31.9,100,59.2,69.2
75,85=,UNIVERSIDAD DE BUENOS AIRES,XL,FC VH,5,A,94.5,95.5,75.1,2.6,50.3,70.6,69.1
76=,68=,NATIONAL TAIWAN UNIVERSITY (NTU),XL,FC VH,4,A,95.6,74.2,33.3,74.1,14.5,20.6,69
76=,75=,TOHOKU UNIVERSITY,L,FC VH,5,A,78.3,66,98.1,48.4,14.3,18.1,69
78=,74,DURHAM UNIVERSITY,L,FC VH,5,A,66.8,97.1,37.5,76.3,94.8,87.8,68.5
78=,73,LUND UNIVERSITY,L,FC VH,5,A,80,71.8,53.7,51.8,88.3,73.8,68.5
80,78,"UNIVERSITY OF NORTH CAROLINA, CHAPEL HILL",L,FC VH,5,A,77.5,48.1,86.9,61.5,28.5,14.1,67.8
81,89,BOSTON UNIVERSITY,L,FC VH,5,B,71.3,78.5,66.4,59.8,22.1,86.5,67.2
82=,81,THE UNIVERSITY OF AUCKLAND,L,FC VH,5,A,92.2,77.3,19.4,48.1,85.5,89.6,67
82=,84,THE UNIVERSITY OF SHEFFIELD,L,FC VH,5,A,69.8,69.9,64.3,50.1,83.6,96.8,67
84=,75=,THE UNIVERSITY OF NOTTINGHAM,L,FC VH,5,A,69.9,87.5,59.5,46.3,89.5,86.5,66.8
84=,82,UNIVERSITY OF BIRMINGHAM,L,FC VH,5,A,74.7,88.6,48.2,47.2,90.9,86,66.8
86,88,OHIO STATE UNIVERSITY,XL,FC VH,5,A,75.3,60.6,77.7,40.3,79.3,44.7,66.1
87,110,ZHEJIANG UNIVERSITY,XL,FC VH,5,A,74,87.1,37.2,80.2,54.2,25.9,65.9
88,98=,TRINITY COLLEGE DUBLIN (TCD),L,FC VH,5,A,73.8,68.9,30.7,68.3,98.4,89.5,65.7
89,90,RICE UNIVERSITY,M,FC VH,5,B,45.5,23.8,83.9,96.7,87.5,87.7,65.6
90=,98=,KOREA UNIVERSITY,L,FC VH,5,B,76.8,88.1,82.8,32.8,17.6,36.7,65.5
90=,94,UNIVERSITY OF ALBERTA,XL,FC VH,5,A,73,61.1,56.6,49.6,93,82.4,65.5
92,77,UNIVERSITY OF ST ANDREWS,M,FC VH,5,A,53,57.1,72,69.6,98,99.9,65.3
93=,95=,PENNSYLVANIA STATE UNIVERSITY,XL,FC VH,5,A,84.6,75.1,25,80.2,10.4,42.9,65.2
93=,102=,THE UNIVERSITY OF WESTERN AUSTRALIA (UWA),L,FC VH,5,A,71.6,64.1,24.7,82.3,100,72.9,65.2
95=,108,LOMONOSOV MOSCOW STATE UNIVERSITY,XL,FO VH,5,A,82,79.6,99.7,6.3,9.5,48.7,65
95=,111,THE HONG KONG POLYTECHNIC UNIVERSITY,L,CO VH,2,A,70.2,52.4,58,54.5,100,80.2,65
"",,UNIVERSITY OF SCIENCE AND TECHNOLOGY OF,,,,,,,,,,,
97,104=,,L,CO VH,4,A,62.9,57.9,67.6,96.7,14.4,5.2,64.9
"",,CHINA,,,,,,,,,,,
98=,97,"KTH, ROYAL INSTITUTE OF TECHNOLOGY",L,CO VH,5,A,57.2,87,62.5,70,88.1,42,64.7
98=,95=,UNIVERSITY OF GENEVA,L,FC VH,5,A,57.7,41.4,55.1,82.1,100,98.9,64.7
100,106=,WASHINGTON UNIVERSITY IN ST. LOUIS,L,FC VH,5,B,51,24.8,99.6,78.3,57.8,62.4,64.6
"",,,,,,,,,,,,Inter-,
"",,,,,,,Academic,Employer,Faculty,Citations,International,,
"",,,,Classifi cation,,,,,,,,national,
"",,,,,,,Reputation,Reputation,Student,per Paper,Faculty,,
"",,,,,,,,,,,,Students,
"",,Institution Name,,,,,,,,,,,
101,93,UNIVERSITY OF LEEDS,L,FC VH,5,A,74.4,86.9,47,42.3,79.4,81.3,64.5
102=,91,UNIVERSITY OF HELSINKI,L,CO VH,5,A,76.4,51.4,83.4,41.5,53.6,9,63.9
102=,87,UNIVERSITY OF SOUTHAMPTON,L,FC VH,5,A,62.1,58.4,62.6,56,92.7,95.3,63.9
104,121=,EINDHOVEN UNIVERSITY OF TECHNOLOGY,M,FO VH,4,A,39.1,54.4,93.1,83.3,98.4,43.8,63.6
105,92,PURDUE UNIVERSITY,XL,FC VH,5,A,73.7,70.7,31.6,58,97.2,73.7,63.2
106,112,YONSEI UNIVERSITY,L,FC VH,5,B,71.8,87.7,79.6,31.8,14.9,32.6,62.3
107,98=,"KIT, KARLSRUHER INSTITUT FUR TECHNOLOGIE",L,CO VH,4,A,57.2,96.8,47,69.8,61.1,55.5,61.9
108,106=,SUNGKYUNKWAN UNIVERSITY,L,FC VH,5,B,62.4,96.5,85.1,37.9,17.7,27.6,61.6
109=,102=,LEIDEN UNIVERSITY,L,FC VH,5,A,77.9,42.1,33.7,70.9,69.2,33,61.5
109=,125,THE UNIVERSITY OF ADELAIDE,L,FC VH,5,A,73,58.5,28.5,55.2,93.3,98.8,61.5
109=,104=,UTRECHT UNIVERSITY,XL,FC VH,5,A,74.6,43.6,41.8,75.5,57.2,17.3,61.5
112,98=,UPPSALA UNIVERSITY,L,FC VH,5,A,75.7,49.4,46.2,56.5,46.7,64.1,61.4
113,113=,UNIVERSITY OF GRONINGEN,L,FC VH,5,A,60.9,36.3,65.3,53.6,89.7,99.1,61.3
114=,115=,NANJING UNIVERSITY,XL,FC VH,5,A,69.5,66.2,23.8,85.3,69.7,18.4,60.8
114=,133=,UNIVERSITI MALAYA (UM),L,FC VH,5,A,65.7,57.5,87.8,24.3,65.4,59.7,60.8
116=,115=,NAGOYA UNIVERSITY,L,FC VH,5,A,68.9,51.5,93.5,37,14.3,20.5,60.7
116=,109,TECHNICAL UNIVERSITY OF DENMARK,M,FO VH,5,A,35.4,38.5,99.8,69.3,99.2,75.7,60.7
118,85=,"UNIVERSITY OF CALIFORNIA, DAVIS (UCD)",XL,FC VH,5,A,80.7,47.1,36.1,61.6,42,33.3,60.4
119,117,AARHUS UNIVERSITY,L,FC VH,4,A,66.1,54.6,34.3,74.6,72.1,37.9,59.3
120,121=,HUMBOLDT-UNIVERSITAT ZU BERLIN,XL,FC HI,5,A,94,73.4,13.6,33.6,55.2,38.4,59.2
121,120,UNIVERSIDADE DE SAO PAULO (USP),XL,FC VH,4,A,94.8,90.2,31.4,25.7,8.4,4.8,59.1
122=,130,HOKKAIDO UNIVERSITY,L,FC VH,5,A,68.5,59.5,85,35.1,15.1,14.2,59
"",,UNIVERSIDAD NACIONAL AUTONOMA DE MEXICO,,,,,,,,,,,
122=,128,,XL,FC VH,5,A,95.8,89.6,50.9,3.8,11,2.6,59
"",,(UNAM),,,,,,,,,,,
124,119,WAGENINGEN UNIVERSITY,L,FO VH,4,A,45.2,35.3,97.9,56.7,32.8,88.8,58.7
125=,123=,FREIE UNIVERSITAT BERLIN,XL,FC HI,4,A,88.7,61.4,7.2,48.3,60.2,51.1,58.4
125=,131=,UNIVERSITY OF GHENT,XL,FC VH,5,A,62.4,47.3,69.4,55.3,49.7,22.9,58.4
127,123=,QUEEN MARY UNIVERSITY OF LONDON (QMUL),L,FC VH,5,A,56.2,49.7,61,43.3,98,99.6,58.3
128,135,KYUSHU UNIVERSITY,L,FC VH,5,A,63.6,62,91.1,31.9,16.4,19.9,58.2
129,131=,"UNIVERSITY OF MARYLAND, COLLEGE PARK",XL,FC VH,5,A,63.8,33.2,55,75.8,26.1,33.1,58.1
130,126,UNIVERSITE DE MONTREAL,XL,FC VH,5,A,67.2,73.5,24,49.9,91.3,79.4,57.7
131,141=,UNIVERSITE PIERRE ET MARIE CURIE (UPMC),L,CO VH,5,A,63,53.5,34.5,81,23.3,50.7,57.5
132,136,UNIVERSITY OF SOUTHERN CALIFORNIA,XL,FC VH,5,B,64.8,55,27.8,70.4,44.6,75.8,57.2
133,139,CHALMERS UNIVERSITY OF TECHNOLOGY,M,CO VH,5,B,42.1,75.7,60.5,70.3,84.9,44.2,57.1
"",,"UNIVERSITY OF CALIFORNIA, SANTA BARBARA",,,,,,,,,,,
134,118,,L,CO VH,5,A,75.7,18.8,9.2,97.5,47.2,18.7,56.9
"",,(UCSB),,,,,,,,,,,
135=,129,LANCASTER UNIVERSITY,L,FC HI,4,A,50.2,47.1,46.2,63.2,91.2,98,56.3
135=,127,UNIVERSITY OF YORK,L,FC VH,4,A,52.2,50.2,58.9,53,90.9,66.2,56.3
137=,133=,AALTO UNIVERSITY,L,FO VH,5,A,46.5,53.5,65.1,63.8,81,41,56
137=,140,CARDIFF UNIVERSITY,L,FC VH,5,A,57.1,63,56.6,39.5,70.9,79.6,56
137=,147,PONTIFICIA UNIVERSIDAD CATOLICA DE CHILE,L,FC HI,5,B,92.4,94.6,30.3,11.4,16.8,5.6,56
140,149=,MCMASTER UNIVERSITY,L,FC VH,5,A,51.8,57.2,77.2,35.7,92.8,40.5,55.8
"",,RHEINISCH-WESTFALISCHE TECHNISCHE,,,,,,,,,,,
141,146,,XL,FC VH,5,A,71.3,98.4,20.9,42.1,32.6,58.8,55.6
"",,HOCHSCHULE AACHEN,,,,,,,,,,,
142=,113=,UNIVERSITY OF OSLO,L,FC VH,5,A,62.8,41.5,51.7,48.9,78.4,42.4,55.5
142=,145,UNIVERSITY OF PITTSBURGH,L,FC VH,5,A,51,27.5,97.7,51.3,24.3,25.2,55.5
144,164=,TECHNISCHE UNIVERSITAT BERLIN,L,CO VH,5,A,64.2,84.9,53.1,27.2,34.6,63.2,55.2
145,148,HEBREW UNIVERSITY OF JERUSALEM,L,FC VH,4,A,55.6,36.4,77,50.4,53.4,10.7,54.7
146,138,UNIVERSITY OF LAUSANNE,L,CO VH,5,A,41.9,42.8,91.2,30.9,99.6,79.6,54.5
147=,149=,EMORY UNIVERSITY,L,FC VH,5,B,35.5,15.8,97.5,70.5,49,48.3,54.4
147=,144,ERASMUS UNIVERSITY ROTTERDAM,L,FO VH,5,A,46.8,70.3,34.7,74.3,62.1,71.7,54.4
149=,160=,MICHIGAN STATE UNIVERSITY,XL,FC VH,5,A,68.6,60.7,16.4,59.5,61.7,47.2,54.3
149=,141=,UNIVERSITY OF BASEL,L,FC VH,5,A,40.9,39.1,29.1,94.4,100,84.9,54.3
"",,,,,,,,,,,,Inter-,
"",,,,,,,Academic,Employer,Faculty,Citations,International,,
"",,,,Classifi cation,,,,,,,,national,
"",,,,,,,Reputation,Reputation,Student,per Paper,Faculty,,
"",,,,,,,,,,,,Students,
"",,Institution Name,,,,,,,,,,,
151,169,UNIVERSITY OF OTAGO,L,FC VH,5,A,63.9,49.9,18.9,57.2,100,65.7,54.2
152,152=,UNIVERSITY OF WATERLOO,XL,CO VH,4,A,48.8,82.4,8.5,80.9,77.6,80.7,53.7
153,154,UNIVERSITE CATHOLIQUE DE LOUVAIN (UCL),L,FC VH,5,B,62.7,63,19.8,54.6,88.7,55.4,53.6
154,155,UNIVERSITAT WIEN,XL,FC VH,5,A,75.2,51.2,22.9,19.4,97.1,93.8,53.3
155,171,HANYANG UNIVERSITY,L,FC VH,4,B,53.5,72.6,76.3,29.7,25.3,38.8,53.2
156,160=,UNIVERSITAT DE BARCELONA (UB),XL,FC VH,5,A,80,60.7,30.6,33.4,4.7,33.7,52.9
157,177=,ECOLE NORMALE SUPERIEURE DE LYON,S,CO VH,5,A,48.9,31.1,99.8,30.1,57,24.6,52.8
158=,141=,UNIVERSITY OF ABERDEEN,L,FC HI,5,A,39.6,45.7,53.7,59,95.5,97.5,52.7
158=,164=,UNIVERSITY OF EXETER,L,FC VH,4,A,47.2,70.6,31.1,58.6,89.8,84.3,52.7
160,159,UNIVERSITY OF BATH,L,CO VH,4,A,45.3,80.9,28.2,56.9,94.5,90.4,52.6
161=,151,NATIONAL TSING HUA UNIVERSITY,L,CO VH,4,A,56.4,50.8,22.4,90.2,24.9,16.7,52.4
161=,168,NEWCASTLE UNIVERSITY,L,FC VH,4,A,42.6,66.4,56.5,42.9,90.4,83.9,52.4
163,137,UNIVERSITY OF MINNESOTA,XL,FC VH,5,A,76.8,34.9,18.6,63.1,6.6,24.6,52.2
164=,167,EBERHARD KARLS UNIVERSITAT TUBINGEN,L,FC VH,5,A,55.8,49.8,80.1,20.4,55.2,36.9,52.1
164=,177=,UNIVERSITY OF BERGEN,M,FC VH,4,A,42,20.6,81,59.7,86.4,13,52.1
164=,156,"UNIVERSITY OF CALIFORNIA, IRVINE (UCI)",XL,FC VH,4,A,54,29.4,14,89.2,51.3,84.4,52.1
167,181,UNIVERSITY OF BERN,M,CO VH,5,A,38.1,43.2,37.7,88.4,100,40.8,51.9
168,176,UNIVERSITY COLLEGE DUBLIN (UCD),L,FC VH,5,A,53.4,69.4,28,48.4,95.7,60.2,51.5
169,158,DARTMOUTH COLLEGE,M,FC VH,5,B,31.4,49.1,86.3,70.5,4.7,41.5,51.3
170,183=,POLITECNICO DI MILANO,XL,FO VH,5,A,63.9,93.4,6.5,53.1,36.9,42.4,50.9
171,163,UNIVERSITAT FREIBURG,L,FC VH,5,A,61.6,37.8,31.2,53.8,56.2,48.4,50.8
172,185=,INDIAN INSTITUTE OF TECHNOLOGY DELHI (IITD),M,CO VH,4,A,54.9,71.1,15.3,91.2,2,2,50.7
"",,KING FAHD UNIVERSITY OF PETROLEUM,,,,,,,,,,,
173=,189,,M,CO VH,4,A,35.7,40.5,94.9,27.6,100,46.6,50.3
"",,MINERALS (KFUPM),,,,,,,,,,,
173=,157,UNIVERSITY OF LIVERPOOL,L,FC VH,5,A,45.4,47.5,53,38.7,82.3,96.5,50.3
173=,172,UNIVERSITY OF VIRGINIA,L,FC VH,5,A,47.7,49.2,60.6,53.3,50.7,17.5,50.3
176,193,UNIVERSITY OF TECHNOLOGY SYDNEY (UTS),L,CO VH,3,A,50.7,87,11.5,45.8,97.2,94.5,50.1
177,164=,CENTRALESUPELEC,S,FO VH,5,A,24.7,100,79.4,31.8,64.4,90.2,50
178,185=,UNIVERSITY OF FLORIDA,XL,FC VH,5,B,58.6,37.5,63.1,39.2,18.2,21.7,49.8
"",,INDIAN INSTITUTE OF TECHNOLOGY BOMBAY,,,,,,,,,,,
179=,219,,M,CO VH,4,A,62.3,77.9,32.1,50.8,3.7,2,49.7
"",,(IITB),,,,,,,,,,,
179=,177=,UNIVERSITY OF TWENTE,M,FO VH,4,A,28.9,28.2,42.7,92.2,88,76.8,49.7
181,177=,GEORG-AUGUST-UNIVERSITAT GOTTINGEN,XL,FC VH,5,A,62.2,32.5,64.7,23.9,43.8,29.6,49.6
182=,183=,TECHNISCHE UNIVERSITAT WIEN,L,FO VH,5,A,39.8,75.6,6.2,83.7,67.2,91.2,49.5
"",,UNIVERSIDADE ESTADUAL DE CAMPINAS,,,,,,,,,,,
182=,191=,,L,FC VH,4,A,76.9,73.4,22.8,30,9.5,5.5,49.5
"",,(UNICAMP),,,,,,,,,,,
182=,170,UNIVERSITY OF COLORADO AT BOULDER,XL,CO VH,5,A,47,43.7,65.6,52,36.7,17.7,49.5
182=,182,VRIJE UNIVERSITEIT BRUSSEL (VUB),M,FC VH,5,A,34.5,41.3,98.2,23.8,79.4,61.9,49.5
186,185=,UNIVERSITY OF ROCHESTER,M,FC VH,5,B,32.1,9.9,100,42.6,47.3,90,49.3
187,210=,UNIVERSIDAD AUTONOMA DE MADRID,L,FC VH,3,A,65.7,74.1,43.4,24.7,11.7,24.3,49.2
188=,208,UNIVERSITA DI BOLOGNA (UNIBO),XL,FC VH,5,A,81.5,62.9,8.4,36.9,8.7,11.5,49.1
188=,175,UNIVERSITY OF READING,L,CO VH,5,A,39.4,55.8,41.3,51.6,88.1,92.5,49.1
190,152=,INDIAN INSTITUTE OF SCIENCE BANGALORE,S,SP VH,5,A,38.3,22.3,56.1,100,,2.1,49
191,191=,UNIVERSITY OF CAPE TOWN,L,FC VH,5,A,60.2,55.1,32.9,35.9,59.2,49.2,48.9
192=,216=,KEIO UNIVERSITY,XL,FC VH,5,B,63,80.2,60.7,9.4,11.9,11.3,48.5
192=,,SCUOLA NORMALE SUPERIORE,S,FO VH,,,20.8,11.1,91.2,98.3,2.4,18.2,48.5
192=,,SCUOLA SUPERIORE SANT’ANNA PISA,S,FC VH,3,,18.8,18.7,86.3,96,2,49.8,48.5
195=,196=,STOCKHOLM UNIVERSITY,L,CO VH,5,A,65.8,27.9,24.4,49.2,64.3,19.1,48.1
195=,210=,TECHNISCHE UNIVERSITAT DRESDEN,XL,FC VH,5,A,41.5,77,6.8,79,92.4,38.5,48.1
195=,160=,TEXAS A M UNIVERSITY,XL,FC VH,5,A,69.7,54.1,10.2,57,10.4,15.5,48.1
195=,203=,UNIVERSITAT AUTONOMA DE BARCELONA,XL,FC VH,3,A,72.1,41.5,19,43.7,21.5,28.6,48.1
199,206=,TECNOLOGICO DE MONTERREY (ITESM),L,FC MD,4,B,42.8,84.9,77.1,3.7,98.4,23.2,48
200,173,MAASTRICHT UNIVERSITY,L,CO VH,3,A,30.8,39,35.4,73.3,95.9,100,47.9
"",,,,,,,,,,,,Inter-,
"",,,,,,,Academic,Employer,Faculty,Citations,International,,
"",,,,Classifi cation,,,,,,,,national,
"",,,,,,,Reputation,Reputation,Student,per Paper,Faculty,,
"",,,,,,,,,,,,Students,
"",,Institution Name,,,,,,,,,,,
201,200,UNIVERSIDAD DE CHILE,XL,FC HI,5,A,82.7,85.1,13,12.8,9.7,9,47.8
202,195,QUEEN’S UNIVERSITY OF BELFAST,L,FC VH,5,A,35.2,50.5,41.7,50.9,98.8,94.5,47.4
203,201,WASEDA UNIVERSITY,XL,CO VH,5,B,69,89,29.9,7.6,28.3,34.2,47.2
204,190,RADBOUD UNIVERSITY NIJMEGEN,L,FC VH,4,A,38.6,14.7,55.5,73.6,44.7,40.4,47.1
205=,212,TEL AVIV UNIVERSITY,L,FC VH,4,A,49.1,45.5,8.3,96,29.7,7.9,47
205=,216=,UNIVERSITE LIBRE DE BRUXELLES (ULB),L,FC VH,5,A,46.2,67,17.5,44.4,91.7,95.3,47
207=,174,NATIONAL CHIAO TUNG UNIVERSITY,M,CO VH,5,A,33.3,38.4,49.5,76.8,35.2,53.1,46.9
207=,187=,"UNIVERSITY OF ILLINOIS, CHICAGO (UIC)",L,FC VH,5,A,55,33.1,36.2,46.9,35.4,61.1,46.9
209,222,ARIZONA STATE UNIVERSITY,XL,CO VH,5,A,51.4,34.2,11.2,73,51,64,46.7
210=,209,UNIVERSITY OF ANTWERP,L,FC VH,3,A,35,38,93,22.6,65.3,45.7,46.6
210=,198,WESTERN UNIVERSITY,L,FC VH,5,A,39.2,69.3,10.8,72.1,99.1,47.6,46.6
212,203=,VANDERBILT UNIVERSITY,L,FC VH,5,B,35.8,25.3,100,33.4,21.7,36,46.5
213,202,CASE WESTERN RESERVE UNIVERSITY,M,FC VH,5,B,25.4,12.3,97.8,54.9,25.4,61.4,46.4
214,214=,UNIVERSITY OF CANTERBURY,M,CO VH,5,A,47.1,48.5,14.9,56.8,99,64.7,46.3
215,223=,SAPIENZA - UNIVERSITA DI ROMA,XL,FC VH,5,A,78.2,49.5,4,40.1,6,12.7,46.1
216,203=,UNIVERSITY OF NOTRE DAME,L,CO VH,5,B,36.3,34.1,42.3,72,79.3,20.5,45.9
217,196=,UNIVERSITY OF CALGARY,XL,FC VH,4,A,42.8,56.9,35,43.5,82.5,61.3,45.8
218,199,VRIJE UNIVERSITEIT AMSTERDAM,L,FC VH,5,A,50.5,43.5,35.8,55.8,38.2,14.5,45.6
219,228=,VICTORIA UNIVERSITY OF WELLINGTON,L,CO VH,5,A,54,41.6,12.8,45.8,100,58.7,45.5
220,220,SCIENCES PO PARIS,M,SP VH,5,A,31.6,72.1,82.5,3.8,62.2,98.5,45.2
221,227,KING SAUD UNIVERSITY (KSU),XL,FC VH,4,A,35.9,37.7,89.3,13.2,98.3,17.3,44.5
222,241=,NATIONAL CHENG KUNG UNIVERSITY,L,FC VH,4,A,49.9,42,40.2,49.3,16.1,26.7,44.3
223,232,UNIVERSITAT HAMBURG,XL,FC VH,4,A,56.6,44,51.7,21,23,26.6,44.2
224=,223=,QUEEN’S UNIVERSITY,L,FC VH,5,A,43.9,70.5,9.6,61.9,73.8,25.6,44
224=,213,TECHNION - ISRAEL INSTITUTE OF TECHNOLOGY,L,FC VH,5,A,40.6,40,20.9,79.4,63.1,9.2,44
224=,245=,UNIVERSITY OF NEWCASTLE,L,FC VH,4,A,40,37,28.4,49.1,99.5,74.6,44
227,214=,GEORGETOWN UNIVERSITY,L,FC HI,5,B,41.8,53.2,62.5,27.5,21.1,52.1,43.8
228,187=,UNIVERSITY OF SUSSEX,L,FC HI,4,A,36.6,20.9,31.7,54.7,94.1,97.9,43.7
229,270,UNIVERSITI PUTRA MALAYSIA (UPM),L,FC VH,3,A,49,34.4,56,17.2,43,73,43.6
230=,302=,UNIVERSITI KEBANGSAAN MALAYSIA (UKM),L,FC VH,3,A,49.6,35.1,66.5,11.9,44.7,39.9,43.4
230=,233,UNIVERSITY OF ARIZONA,XL,FC VH,5,A,51.3,28.1,24.1,66.4,17.8,19,43.4
232,218,UNIVERSITY OF WOLLONGONG,L,FC HI,3,A,33.1,49.3,20.9,59.4,98,81.8,43.3
233,239=,UNIVERSIDAD COMPLUTENSE DE MADRID (UCM),XL,FC VH,5,A,68.9,76.8,16.2,14.1,2.7,33.8,43.2
234,237,LOUGHBOROUGH UNIVERSITY,L,FO VH,4,A,35.3,69.2,32.1,41.4,79,66.1,43.1
235,228=,AMERICAN UNIVERSITY OF BEIRUT (AUB),M,FC HI,5,B,27,83.7,64.6,12.5,99.2,68,43
236=,236,AL-FARABI KAZAKH NATIONAL UNIVERSITY,L,CO MD,4,A,38.6,50.8,99,1.1,30.9,14.9,42.9
236=,206=,UNIVERSITE GRENOBLE-ALPES (UGA),XL,FC VH,,A,69.5,20.3,13.1,38.2,20.9,32.5,42.9
238,239=,UNIVERSITY OF LEICESTER,L,FC VH,4,A,28.7,28.8,46.2,50.9,87.1,91.1,42.8
"",,RHEINISCHE FRIEDRICH-WILHELMS-UNIVERSITAT,,,,,,,,,,,
239,231,,XL,FC VH,5,A,56.6,32.5,47.9,23.7,15.3,31.2,42.6
"",,BONN,,,,,,,,,,,
240=,247=,MACQUARIE UNIVERSITY,L,FC VH,4,A,41.2,55.6,13.7,47.2,85.9,78.2,42.5
240=,258,SAINT-PETERSBURG STATE UNIVERSITY,L,FC VH,5,A,42.4,35.2,97.7,4,4.1,28.6,42.5
242,241=,UNIVERSITE PARIS-SUD 11,L,CO VH,5,A,34.7,34,78.1,24.1,42.5,46.7,42.3
"",,"NATIONAL UNIVERSITY OF IRELAND, GALWAY",,,,,,,,,,,
243=,249=,,L,FC HI,5,A,28.4,45.1,73.5,17.9,89.8,66.2,42
"",,(NUIG),,,,,,,,,,,
243=,238,TUFTS UNIVERSITY,M,FC VH,5,B,24.1,19.8,66.1,62.8,56.3,33.3,42
245=,252=,CHULALONGKORN UNIVERSITY,XL,FC HI,5,A,74.5,48.1,22.3,8.9,14.2,2.7,41.8
245=,226,SIMON FRASER UNIVERSITY,L,CO VH,4,A,31.5,30.2,5.7,78,94.2,91.9,41.8
"",,QUEENSLAND UNIVERSITY OF TECHNOLOGY,,,,,,,,,,,
247=,276,,XL,CO VH,3,A,46.7,63,10.6,36.8,97.2,42.9,41.6
"",,(QUT),,,,,,,,,,,
247=,252=,RMIT UNIVERSITY,XL,CO VH,3,A,43.8,74.8,13.3,23,100,84.4,41.6
249,251,"UNIVERSITY OF MASSACHUSETTS, AMHERST",L,CO VH,5,A,51.9,29.5,17.4,63.1,17.3,14.2,41.5
250=,291=,NOVOSIBIRSK STATE UNIVERSITY,M,CO VH,4,A,37.6,43.6,82.4,11,7.2,56.3,41.3
250=,225,UNIVERSITY OF TSUKUBA,L,FC VH,3,A,42.4,29.5,70.7,23.8,15.3,32,41.3
"",,,,,,,,,,,,Inter-,
"",,,,,,,Academic,Employer,Faculty,Citations,International,,
"",,,,Classifi cation,,,,,,,,national,
"",,,,,,,Reputation,Reputation,Student,per Paper,Faculty,,
"",,,,,,,,,,,,Students,
"",,Institution Name,,,,,,,,,,,
252,252=,UNIVERSITY OF MIAMI,L,FC VH,4,B,25.4,17.9,85.8,46.5,7,46.9,41.2
253,288=,UNIVERSITI TEKNOLOGI MALAYSIA (UTM),L,CO VH,3,A,32.8,38.9,85.9,12.5,35.2,51.4,41.1
254=,269,UNIVERSIDAD NACIONAL DE COLOMBIA,XL,FC HI,5,A,72,82.7,11.2,4.5,9.6,1.5,40.9
254=,264=,UNIVERSITAT FRANKFURT AM MAIN,XL,FC VH,5,A,58.5,58.4,23.9,20.6,15.9,38.3,40.9
256=,257,BEIJING NORMAL UNIVERSITY,L,CO VH,5,A,49.3,31.1,32,44.5,33.3,14.7,40.6
256=,264=,KYUNG HEE UNIVERSITY,L,FC VH,4,B,34.7,61.6,71.4,21.1,10.2,28.3,40.6
256=,272=,UNIVERSIDAD DE LOS ANDES COLOMBIA,L,FC MD,4,B,66,77.2,17.1,6.5,30.9,2.8,40.6
"",,NORWEGIAN UNIVERSITY OF SCIENCE AND,,,,,,,,,,,
259=,259,,L,FC VH,5,A,36.4,47.9,38.4,43.9,72,19.8,40.5
"",,TECHNOLOGY,,,,,,,,,,,
259=,235,ROYAL HOLLOWAY UNIVERSITY OF LONDON,M,CO VH,5,A,24.1,29.1,26.7,63.4,98.2,99,40.5
259=,263,UNIVERSITAT STUTTGART,L,CO VH,5,A,36.2,71.7,21,48.8,35,62,40.5
262,306=,CURTIN UNIVERSITY,L,CO VH,3,A,38.7,49.1,23.4,35,100,64.7,40.4
263,277,NORTH CAROLINA STATE UNIVERSITY,L,CO VH,5,A,41.3,21.5,36,46.7,60.8,40,40.3
"",,INDIAN INSTITUTE OF TECHNOLOGY MADRAS,,,,,,,,,,,
264=,249=,,M,CO VH,4,A,41.1,51.6,23.8,67.6,3,1.1,40.2
"",,(IITM),,,,,,,,,,,
"",,NATIONAL TAIWAN UNIVERSITY OF SCIENCE AND,,,,,,,,,,,
264=,243,,M,FO VH,3,A,30.1,26.2,79.5,37.1,13.3,28.5,40.2
"",,TECHNOLOGY,,,,,,,,,,,
264=,330=,UNIVERSITI SAINS MALAYSIA (USM),L,FC VH,3,A,48.2,43.8,46.7,22.1,27.2,27.5,40.2
267=,283=,KING ABDUL AZIZ UNIVERSITY (KAU),XL,FC VH,4,A,31.1,26.9,67.5,15.8,98.9,66,40.1
267=,244,UNIVERSITY OF DUNDEE,M,FC VH,4,A,23.5,11.6,80.9,25.7,87.6,74.8,40.1
269,228=,UNIVERSITE PARIS 1 PANTHEON-SORBONNE,XL,FO HI,5,A,63.4,78.8,4.7,3.9,22.2,77.5,40
270=,268,ECOLE DES PONTS PARISTECH,S,FO VH,5,A,13.4,82.5,93,9.6,12.6,99.7,39.8
270=,245=,UNIVERSIDAD DE NAVARRA,M,FC VH,4,B,33.3,85.7,52.2,18.8,17.3,55.3,39.8
272=,247=,TECHNISCHE UNIVERSITAT DARMSTADT,L,FO VH,5,A,25.6,87.6,6.9,69.6,55.5,49.7,39.6
272=,261,UNIVERSITY OF SURREY,L,CO VH,4,A,29.4,35.6,24.6,47.8,95.7,99.1,39.6
274,252=,UNIVERSITY OF EAST ANGLIA (UEA),L,FC HI,4,A,27.1,17,43.4,49.8,82.1,82.7,39.5
275,321=,UNIVERSITAT POLITECNICA DE CATALUNYA,L,CO VH,3,A,42.4,49.1,55,22.3,8.7,30.7,39.4
276,234,UNIVERSITY OF TURKU,L,FC VH,4,A,32.8,33.6,75.2,25.3,46.4,7.3,39.3
277=,325=,UNIVERSITY OF INDONESIA,XL,FC MD,5,A,48.1,60.1,44.3,1.6,87.1,5.8,39.2
277=,272=,UNIVERSITY OF STRATHCLYDE,L,CO VH,5,A,30.4,63.9,29,32.6,87.6,77.7,39.2
279=,283=,DALHOUSIE UNIVERSITY,L,FC VH,5,A,27,23.2,17.7,68.5,100,72.3,39.1
279=,288=,UNIVERSITY OF SOUTH AUSTRALIA (UNISA),L,CO VH,3,A,32,36.4,29.4,41.9,100,65.7,39.1
281,280=,UNIVERSIDAD CARLOS III DE MADRID,L,FO VH,3,A,37.6,64.9,68.3,8.4,34.4,4.2,38.9
282,275,WUHAN UNIVERSITY,XL,FC VH,5,A,43.9,57.9,22.8,37.5,52.7,13.6,38.8
"",,"RUTGERS - THE STATE UNIVERSITY OF NEW JERSEY,",,,,,,,,,,,
283=,301,,XL,CO VH,5,A,49.1,28.5,35.2,32,26.3,26.4,38.6
"",,NEW BRUNSWICK,,,,,,,,,,,
283=,283=,UNIVERSITY COLLEGE CORK (UCC),L,FC HI,5,A,37.8,47.7,24,36.7,94.8,34.9,38.6
283=,264=,UNIVERSITY OF GOTHENBURG,L,FC VH,5,A,43.5,17.9,45.8,32.9,39.5,33.2,38.6
286,299=,UNIVERSITAT INNSBRUCK,L,FC HI,5,A,29.1,47.6,42.6,18.1,97.9,99.1,38.5
287=,282,LINKOPING UNIVERSITY,L,CO VH,3,A,27.3,44.4,70.2,30.4,39,16.9,38.4
287=,272=,UNIVERSITAT ERLANGEN-NURNBERG,XL,FC VH,5,A,28.9,40.2,3.4,97.3,23.9,27.4,38.4
289=,310=,NATIONAL TAIWAN NORMAL UNIVERSITY,M,CO VH,4,A,36.7,15.5,73,11.9,14.8,86,38.3
289=,291=,UNIVERSITY OF OTTAWA,XL,FC VH,5,A,32.6,36,7.7,66,85.1,52.1,38.3
"",,BAUMAN MOSCOW STATE TECHNICAL,,,,,,,,,,,
291,306=,,L,CO HI,5,A,28,60.2,99.9,1.1,1.3,12.8,38.2
"",,UNIVERSITY,,,,,,,,,,,
292,324,UNIVERSITY OF WAIKATO,M,CO VH,4,A,25.8,31.4,13.9,64.4,97.3,79.7,38.1
293=,355,DEAKIN UNIVERSITY,XL,FC HI,3,A,39.9,48.9,7,38.9,96.1,59.6,37.9
"",,INDIAN INSTITUTE OF TECHNOLOGY KANPUR,,,,,,,,,,,
293=,302=,,M,CO VH,4,A,38.8,43.8,15.7,73.2,2.1,1.5,37.9
"",,(IITK),,,,,,,,,,,
293=,221,UNIVERSITE PARIS-SORBONNE (PARIS IV),L,SP VH,5,A,65.8,47.2,7.9,7.6,24.4,48.3,37.9
"",,SOAS - SCHOOL OF ORIENTAL AND AFRICAN,,,,,,,,,,,
296=,252=,,S,SP VH,5,A,33.7,28.4,43.1,13.8,100,100,37.8
"",,"STUDIES, UNIVERSITY OF LONDON",,,,,,,,,,,
296=,338=,UNIVERSITA DEGLI STUDI DI PADOVA (UNIPD),XL,FC VH,5,A,58,38.8,11.3,39.6,2.8,6.8,37.8
296=,283=,UNIVERSITAT POMPEU FABRA,M,CO VH,3,A,37.8,36.3,20.3,47.7,74.8,31.6,37.8
299=,335,EWHA WOMANS UNIVERSITY,L,FC HI,5,B,29.8,28.7,83.6,16.4,10.2,45.4,37.7
299=,278=,HONG KONG BAPTIST UNIVERSITY (HKBU),M,FC HI,2,A,22,18.5,35.6,52.6,100,86.3,37.7
"",,,,,,,,,,,,Inter-,
"",,,,,,,Academic,Employer,Faculty,Citations,International,,
"",,,,Classifi cation,,,,,,,,national,
"",,,,,,,Reputation,Reputation,Student,per Paper,Faculty,,
"",,,,,,,,,,,,Students,
"",,Institution Name,,,,,,,,,,,
301=,296,"UNIVERSITY OF CALIFORNIA, SANTA CRUZ (UCSC)",L,CO VH,4,A,30.6,26,10.6,94.4,24.2,8.7,37.6
301=,323,UNIVERSITY OF PORTO,L,FC VH,5,A,45.6,49.3,15.4,52.8,5.7,9,37.6
303,260,UNIVERSITE DE STRASBOURG,XL,FC HI,5,A,57.4,20.9,12.1,27.9,35.7,50.9,37.5
304,291=,INDIANA UNIVERSITY BLOOMINGTON,XL,FC VH,5,A,53.5,41.6,23.5,19.6,37.6,26.1,37.4
305=,262,UNIVERSITE PARIS DIDEROT - PARIS 7,L,FC VH,5,A,53.7,9.4,16.2,38.1,21.3,56.5,37.3
305=,330=,UNIVERSITY OF LISBON,XL,FC VH,5,A,47.4,61,13.9,37.5,6.3,32.1,37.3
307,305,POLITECNICO DI TORINO,XL,FO VH,5,A,36,71.1,3.2,63.8,2.2,38.1,37
308=,280=,"BIRKBECK COLLEGE, UNIVERSITY OF LONDON",M,FO VH,5,A,20,15.3,25.9,61.7,97.3,99.1,36.9
"",,INDIAN INSTITUTE OF TECHNOLOGY KHARAGPUR,,,,,,,,,,,
308=,313,,M,FO VH,4,A,31.4,49.5,12.9,81.8,6.2,1,36.9
"",,(IITKGP),,,,,,,,,,,
"",,WESTFALISCHE WILHELMS-UNIVERSITAT,,,,,,,,,,,
308=,294=,,XL,FC VH,5,A,42,50.9,43.5,22.2,24.6,11.4,36.9
"",,MUNSTER,,,,,,,,,,,
311,321=,UNIVERSIDADE FEDERAL DO RIO DE JANEIRO,XL,FC VH,4,A,67.1,29.5,21.6,10.2,6.3,3.3,36.7
312,327=,HERIOT-WATT UNIVERSITY,M,CO VH,4,A,20.1,46.8,32.9,37.5,95.4,98.9,36.6
313,370=,UNIVERSITY OF TASMANIA,M,CO VH,5,A,24.7,17.1,31.2,46.2,97.3,90.1,36.5
314=,302=,CHARLES UNIVERSITY,XL,FC VH,5,A,48.5,40.6,37.1,11.1,16.8,45.2,36.3
314=,347=,UNIVERSITY OF TARTU,M,FC VH,5,A,28.5,37.9,79.2,17.9,16,15.9,36.3
316=,340=,MASSEY UNIVERSITY,L,CO VH,4,A,37.2,35.6,22.7,19.7,96.8,86.6,36.2
316=,315=,TONGJI UNIVERSITY,XL,FC VH,5,A,36.1,27.5,24,43.8,83.2,24.2,36.2
318,342,UNIVERSITY AT BUFFALO SUNY,L,FC VH,5,A,27.1,11.8,10.3,73.3,82.9,63.2,36.1
319=,343=,LINCOLN UNIVERSITY,S,CO VH,5,A,11.9,13,68.5,33.3,95.4,93.2,35.9
319=,297=,SUN YAT-SEN UNIVERSITY,XL,FC VH,4,A,42.4,49.4,28.6,31,30.6,9.9,35.9
319=,315=,UNIVERSITY OF LIEGE,L,FC VH,5,A,24.8,33.9,14.9,78.6,11.8,63.8,35.9
322,297=,HIROSHIMA UNIVERSITY,L,FC VH,4,A,31.4,15.3,83.8,17.5,12,15,35.8
323=,377=,TOMSK STATE UNIVERSITY,M,CO VH,5,A,22.9,25.7,94,2.7,22.2,69.4,35.7
323=,271,"UNIVERSITY OF CALIFORNIA, RIVERSIDE (UCR)",L,FC HI,4,A,23.8,35.4,12.2,77.9,76.5,14.8,35.7
325=,336,GRIFFITH UNIVERSITY,XL,FC HI,3,A,33.6,35.8,13.6,40.2,98.2,57.5,35.6
325=,278=,HARBIN INSTITUTE OF TECHNOLOGY,L,FO VH,4,A,26.3,21.3,50.3,60,8.5,7.4,35.6
325=,370=,UNIVERSITA DEGLI STUDI DI MILANO,XL,FC VH,4,A,52.9,36.4,7.1,41.1,12.5,9.6,35.6
325=,330=,YESHIVA UNIVERSITY,M,FC VH,5,B,3.2,6.4,96.3,65.9,,24.2,35.6
329,308=,NATIONAL YANG MING UNIVERSITY,S,FC VH,3,A,14.8,13.6,99.8,37.4,5.7,7.9,35.5
330,264=,ECOLE NORMALE SUPERIEURE DE CACHAN,S,CO VH,5,A,17.1,21.8,85,31.6,27.5,32,35.4
331=,401-410,BANDUNG INSTITUTE OF TECHNOLOGY (ITB),L,CO HI,4,A,52.9,56.1,31,2.9,30.1,2.6,35.3
331=,308=,UNIVERSIDAD AUSTRAL,S,CO MD,3,B,28.8,51.2,86.4,1.8,5.2,13.4,35.3
331=,347=,UNIVERSITAT KOLN,XL,FC VH,5,B,43.8,62.4,33.4,12,26.7,21.3,35.3
334=,354,BELARUS STATE UNIVERSITY,L,FO HI,4,A,28.3,32.6,92.3,1.6,7.4,25.5,35.1
334=,283=,MAHIDOL UNIVERSITY,L,FC HI,4,A,46.4,24.6,58,7,15.2,5.6,35.1
336,345=,L.N. GUMILYOV EURASIAN NATIONAL UNIVERSITY,L,FO HI,2,A,23.9,35.7,98.2,1.3,31.7,5.7,35
337,352=,UNIVERSIDAD DE BELGRANO,M,CO LO,4,B,17.2,47.5,91,1.1,8.4,86.5,34.9
338,294=,UMEA UNIVERSITY,L,FC HI,4,A,25,20,79.9,23.4,29,13.2,34.8
339=,299=,BOSTON COLLEGE,L,CO HI,5,B,29.9,38.2,22.1,43.4,94.8,19.9,34.7
"",,GWANGJU INSTITUTE OF SCIENCE AND,,,,,,,,,,,
339=,337,,S,FO VH,2,A,13.7,5.5,37.6,100,11.5,9.9,34.7
"",,TECHNOLOGY (GIST),,,,,,,,,,,
341=,363=,UNIVERSITAT JENA,L,FC VH,5,A,24.3,14.1,87.6,20.1,7.4,30.3,34.6
341=,343=,UNIVERSITY OF HAWAII AT MANOA,L,FC VH,5,A,22.7,6.2,56.5,46.2,62.2,22.9,34.6
343,314,CITY UNIVERSITY LONDON,L,CO HI,5,A,22.2,48,15.4,37.5,98.2,100,34.2
344=,315=,NANKAI UNIVERSITY,L,FC VH,4,A,32.6,18.2,30.1,58.6,19.5,8,34
344=,318,XI’AN JIAOTONG UNIVERSITY,XL,FC VH,5,A,29.1,27.6,48.5,38.5,28.9,12.7,34
346=,345=,BRUNEL UNIVERSITY,M,CO VH,4,A,17.6,28,21.1,49.8,97.3,99.3,33.9
346=,361=,NORTHEASTERN UNIVERSITY,L,CO VH,5,B,22.1,35.1,25.2,40.1,71.8,96.5,33.9
346=,325=,UNIVERSITY OF VICTORIA,L,CO VH,4,A,23.6,17.4,6.9,74.4,82.5,46.1,33.9
349=,393=,QATAR UNIVERSITY,M,FC HI,3,A,20.2,20.7,59.9,7.9,100,99.9,33.8
349=,,UNIVERSITY OF BRUNEI DARUSSALAM,S,CO HI,3,A,15.2,1.9,92.5,3.8,100,64.7,33.8
"",,,,,,,,,,,,Inter-,
"",,,,,,,Academic,Employer,Faculty,Citations,International,,
"",,,,Classifi cation,,,,,,,,national,
"",,,,,,,Reputation,Reputation,Student,per Paper,Faculty,,
"",,,,,,,,,,,,Students,
"",,Institution Name,,,,,,,,,,,
351,369,KOBE UNIVERSITY,L,FC VH,4,A,33.8,36.8,61.8,15.2,9,9.7,33.6
352=,320,BEN GURION UNIVERSITY OF THE NEGEV,L,FC VH,3,A,27.1,26.3,20.6,49.2,77.1,42.4,33.5
352=,363=,GEORGE WASHINGTON UNIVERSITY,L,FC VH,5,B,35.3,37,23.3,33.8,36.4,47.8,33.5
352=,330=,UNIVERSITY OF ESSEX,L,CO HI,4,A,26.7,22.2,22.9,29.9,99.9,99.8,33.5
"",,MOSCOW INSTITUTE OF PHYSICS AND,,,,,,,,,,,
355=,350=,,M,FO VH,4,A,15.5,32.3,98.3,6.9,23.7,33.5,33.4
"",,TECHNOLOGY STATE UNIVERSITY,,,,,,,,,,,
355=,356=,UNIVERSITE PARIS DAUPHINE,M,SP HI,3,A,28.8,75.2,30.7,9.2,45.6,80.9,33.4
357=,330=,TILBURG UNIVERSITY,M,FO VH,4,A,19.8,23.9,9.5,74.5,82.8,40.5,33.3
357=,347=,UNIVERSITAT ULM,M,CO VH,4,A,11,15.6,63.7,51.2,50.9,34.1,33.3
357=,338=,UNIVERSITY OF JYVASKYLA,M,CO VH,4,A,24,7.8,80.8,20.2,42.4,9.7,33.3
360,386=,LA TROBE UNIVERSITY,L,CO VH,4,A,29.6,39.9,9.8,28.5,97.3,95.3,33.2
361=,359=,OXFORD BROOKES UNIVERSITY,L,CO HI,5,A,30.3,75.6,15.7,13.5,65.5,83.9,33.1
361=,395=,STELLENBOSCH UNIVERSITY,L,FC HI,5,A,34.4,33.5,4.2,52.9,78.2,12.3,33.1
361=,366=,UNIVERSIDADE NOVA DE LISBOA,L,FC HI,3,A,34.6,60.9,35.4,20.5,15.1,23.5,33.1
"",,PONTIFICIA UNIVERSIDAD CATOLICA ARGENTINA,,,,,,,,,,,
364=,310=,,L,FC LO,4,B,24.2,66.9,76.9,1.2,,19.5,33
"",,SANTA MARIA DE LOS BUENOS AIRES (UCA),,,,,,,,,,,
364=,310=,RENSSELAER POLYTECHNIC INSTITUTE,M,CO VH,5,B,16.6,22.2,23.7,78.2,26.4,47.7,33
364=,359=,UNIVERSITY OF THE WITWATERSRAND,L,FC VH,5,A,34.7,43.6,13.9,33.7,88.3,14.6,33
367=,340=,JAMES COOK UNIVERSITY (JCU),L,FC HI,3,A,19.4,16.4,13.4,56.8,91.5,96.2,32.9
367=,329,TOKYO MEDICAL AND DENTAL UNIVERSITY,S,FO VH,4,A,14.9,11.7,100,23.9,3.5,14.1,32.9
367=,374=,UNIVERSITY OF THE PHILIPPINES,XL,FC MD,5,A,46,56.6,40.7,2.1,1.9,1.5,32.9
367=,377=,UNIVERSITY OF TROMSO,M,FC HI,3,A,18.5,5.4,96.7,10,41,29,32.9
"",,VIRGINIA POLYTECHNIC INSTITUTE (VIRGINIA,,,,,,,,,,,
367=,361=,,XL,FC VH,5,A,33.2,40.4,22.6,44.1,19.8,23.4,32.9
"",,TECH),,,,,,,,,,,
372,288=,UNIVERSITY OF ST GALLEN (HSG),M,SP VH,5,A,13.8,93.7,5.5,34.9,100,95.9,32.8
373=,358,ASTON UNIVERSITY,M,CO VH,4,A,17.6,54.1,14.1,40.2,95.8,87.2,32.5
"",,MOSCOW STATE INSTITUTE OF INTERNATIONAL,,,,,,,,,,,
373=,350=,,M,SP LO,4,A,14.3,36.9,99.2,1,10.3,50.1,32.5
"",,RELATIONS  MGIMO UNIVERSITY,,,,,,,,,,,
"",,NATIONAL RESEARCH NUCLEAR UNIVERSITY,,,,,,,,,,,
373=,401-410,MEPHI  (MOSCOW ENGINEERING PHYSICS,M,FO VH,4,A,13.7,23.3,94.1,3.9,39.1,62.3,32.5
"",,INSTITUTE),,,,,,,,,,,
373=,431-440,UNIVERSIDAD POLITECNICA DE VALENCIA,L,CO VH,3,A,26.9,36.7,65.6,15.9,5.3,28.7,32.5
373=,366=,UNIVERSITY OF KENT,L,CO VH,4,A,24.6,22.2,30.8,24.5,97.6,89.5,32.5
378,372,LAVAL UNIVERSITY,L,FC VH,5,A,31.3,30.5,27.8,30.8,67.1,32.9,32.4
379,374=,AALBORG UNIVERSITY,L,FC VH,3,A,24.5,47.3,31.9,26.9,74.3,42.8,32.2
380,319,TAMPERE UNIVERSITY OF TECHNOLOGY,M,CO VH,3,A,13.3,20.8,84.8,24.7,34.8,20.8,32.1
381,327=,UNIVERSITE DE MONTPELLIER,XL,CO VH,5,A,36.4,43.5,10.3,42.3,12.6,38.4,32
"",,NATIONAL RESEARCH UNIVERSITY - HIGHER,,,,,,,,,,,
382=,411-420,,L,FO VH,3,A,21.8,31.6,92.8,1.5,8.4,12.6,31.9
"",,SCHOOL OF ECONOMICS (HSE),,,,,,,,,,,
382=,390=,STONY BROOK UNIVERSITY,L,FC VH,4,A,26.7,6.8,35.2,43.3,10.1,85,31.9
384,390=,UNIVERSITY OF SOUTHERN DENMARK,L,FO VH,4,A,25.6,20.7,41.2,26,73.5,41.5,31.6
385,352=,UNIVERSITAT KONSTANZ,M,CO VH,4,A,31.3,23.8,38.7,21.8,56.1,32.9,31.5
386=,400=,TOMSK POLYTECHNIC UNIVERSITY,M,FO VH,5,A,10.9,26.9,93.5,2.4,19.2,81.8,31.3
386=,373,UNIVERSITY OF KANSAS,L,FC VH,5,A,20.2,15.2,78.2,21.5,16.3,16.8,31.3
388=,395=,NATIONAL SUN YAT-SEN UNIVERSITY,M,CO VH,3,A,29.9,20.7,27,52.2,17.9,8.2,31.2
388=,411-420,UNIVERSITAT MANNHEIM,M,FO VH,5,A,24.9,84.2,16.4,32,30.6,30.1,31.2
390,411-420,UNITED ARAB EMIRATES UNIVERSITY,M,FC HI,3,A,19.5,24.7,47.9,11.7,100,76.3,31.1
391=,380=,DUBLIN CITY UNIVERSITY (DCU),L,CO HI,3,A,22.2,46.3,35.8,17.3,78.4,57.2,31
391=,411-420,NATIONAL CENTRAL UNIVERSITY,M,CO VH,4,A,32.5,17.3,31.7,40.3,15.6,19.6,31
391=,411-420,UNIVERSITY OF UTAH,L,FC VH,5,A,21.2,11.1,60.1,38.2,16.3,17.2,31
394,374=,UNIVERSITY OF COLORADO AT DENVER,L,FC VH,5,A,12.1,11.5,100,18.8,4.4,15.5,30.8
395=,365,AMERICAN UNIVERSITY IN CAIRO,M,CO HI,4,B,31,49.3,37.1,5.1,90.7,5.8,30.7
395=,401-410,ILLINOIS INSTITUTE OF TECHNOLOGY,M,CO VH,5,B,23.6,13.9,19,49.7,21.4,100,30.7
"",,HUFS  HANKUK (KOREA) UNIVERSITY OF FOREIGN,,,,,,,,,,,
397,431-440,,L,CO MD,4,B,18.7,31.5,78.3,2.1,37.9,39,30.6
"",,STUDIES,,,,,,,,,,,
398=,421-430,"GOLDSMITHS, UNIVERSITY OF LONDON",M,FO VH,5,A,27.3,13.2,25.5,19.7,85,97.2,30.5
398=,401-410,JOHANNES GUTENBERG UNIVERSITAT MAINZ,XL,FC HI,5,A,27.9,25.2,48.7,20.1,35.1,24.6,30.5
398=,401-410,TAIPEI MEDICAL UNIVERSITY,M,FO VH,4,B,15.5,14.8,84.7,18.7,24.4,17.3,30.5
"",,,,,,,,,,,,Inter-,
"",,,,,,,Academic,Employer,Faculty,Citations,International,,
"",,,,Classifi cation,,,,,,,,national,
"",,,,,,,Reputation,Reputation,Student,per Paper,Faculty,,
"",,,,,,,,,,,,Students,
"",,Institution Name,,,,,,,,,,,
401-410,400=,LEIBNIZ UNIVERSITAT HANNOVER,L,CO VH,5,A,-,-,2.3,79.5,10.4,26.9,30.1
401-410,395=,NATIONAL TECHNICAL UNIVERSITY OF ATHENS,L,FO VH,5,A,-,-,11.3,63.7,1.6,2.6,30.3
"",,PETER THE GREAT ST.PETERSBURG POLYTECHNIC,,,,,,,,,,,
401-410,411-420,,L,FO VH,5,A,-,-,93.8,2.2,12.7,56.5,29.9
"",,UNIVERSITY,,,,,,,,,,,
401-410,451-460,RUHR-UNIVERSITAT BOCHUM,XL,FC VH,4,A,-,-,6.3,56.7,27.3,35.3,30.2
401-410,401-410,UNIVERSIDAD EXTERNADO DE COLOMBIA,M,CO MD,5,B,-,-,99.8,1,10.6,,30
401-410,501-550,UNIVERSITAS GADJAH MADA,XL,FC MD,4,A,-,-,24,1.5,23.5,2.4,30.2
401-410,451-460,UNIVERSITY OF COIMBRA,L,FC VH,5,A,-,-,17.7,25.3,8.3,41.2,29.8
401-410,382=,V.N. KARAZIN KHARKIV NATIONAL UNIVERSITY,L,FC MD,5,A,-,-,78,1.8,1.3,89.9,29.9
401-410,481-490,VILNIUS UNIVERSITY,L,FC HI,5,A,-,-,69.1,5.1,7,4.6,30
401-410,395=,WASHINGTON STATE UNIVERSITY,L,FC VH,5,A,-,-,22.5,32,66.8,12.7,30.4
411-420,441-450,AMERICAN UNIVERSITY OF SHARJAH,M,FC MD,2,B,-,-,20.3,12.4,100,100,29.5
411-420,461-470,ARABIAN GULF UNIVERSITY,S,CO MD,3,A,-,-,69.7,2.6,99.5,100,29.2
411-420,401-410,BRANDEIS UNIVERSITY,M,CO HI,4,B,-,-,28.4,44.1,15.1,83.7,29.4
"",,KAZAKH NATIONAL TECHNICAL UNIVERSITY,,,,,,,,,,,
411-420,411-420,,M,FO HI,4,A,-,-,97.1,1,2.5,3.5,29.7
"",,AFTER K.I.SATPAYEV,,,,,,,,,,,
"",,TARAS SHEVCHENKO NATIONAL UNIVERSITY OF,,,,,,,,,,,
411-420,431-440,,L,CO HI,5,A,-,-,69.4,2.4,1.6,4.9,29.4
"",,KYIV,,,,,,,,,,,
411-420,471-480,UNIVERSIDAD DE COSTA RICA,XL,CO MD,4,A,-,-,37.2,1.8,,1.8,29.4
411-420,411-420,UNIVERSITE AIX-MARSEILLE,XL,FC VH,5,A,-,-,13.8,26.1,26.3,36.2,29.7
411-420,411-420,UNIVERSITY OF OULU,M,FC VH,4,A,-,-,52.1,33.7,30.5,8.5,29.3
411-420,366=,UNIVERSITY OF WARSAW,XL,CO VH,5,A,-,-,29.1,7.3,8,10.8,29.2
411-420,401-410,WAKE FOREST UNIVERSITY,M,FC VH,5,B,-,-,100,21.6,7.5,17.1,29.2
421-430,411-420,BILKENT UNIVERSITY,M,CO VH,3,B,-,-,18,26.2,62.5,13.2,29.1
421-430,481-490,HITOTSUBASHI UNIVERSITY,M,SP HI,5,A,-,-,28.9,6,23.1,27.5,28.9
421-430,451-460,SHANGHAI UNIVERSITY,XL,CO VH,2,A,-,-,38.6,16.1,24.1,3.3,29
421-430,441-450,SWINBURNE UNIVERSITY OF TECHNOLOGY,L,CO VH,3,A,-,-,14,36.8,97.3,83.7,29
421-430,431-440,THE UNIVERSITY OF GEORGIA,XL,FC VH,5,A,-,-,18.4,36,66.1,13.6,29.1
421-430,431-440,UNIVERSITA DI PISA,XL,FC VH,5,A,-,-,9,22.4,10.2,6.2,28.9
421-430,421-430,UNIVERSITY OF CONNECTICUT,L,FC VH,5,A,-,-,28.8,44.7,56.9,26.1,29.1
421-430,411-420,UNIVERSITY OF DELAWARE,L,CO VH,5,A,-,-,11.1,76.3,33.6,25.8,28.8
421-430,393=,UNIVERSITY OF IOWA,XL,FC VH,5,A,-,-,30.8,41.6,7.5,29.1,28.8
421-430,380=,UNIVERSITY OF TEXAS DALLAS,L,CO VH,3,A,-,-,7.3,65.7,23,70.8,29.1
431-440,461-470,BOND UNIVERSITY,S,FC HI,3,B,-,-,58.7,15,98.7,94.4,28.4
431-440,421-430,CHRISTIAN-ALBRECHTS-UNIVERSITAT ZU KIEL,L,FC VH,5,A,-,-,57.1,23.5,11.9,14.7,28.4
431-440,461-470,CONCORDIA UNIVERSITY,XL,CO VH,3,A,-,-,6.8,27.1,75.3,87.5,28.5
431-440,431-440,FLORIDA STATE UNIVERSITY,XL,FC HI,5,A,-,-,11.6,44.1,10.4,6.8,28.7
"",,INDIAN INSTITUTE OF TECHNOLOGY ROORKEE,,,,,,,,,,,
431-440,399,,M,FO VH,5,A,-,-,14.1,81.8,1.9,2.1,28.4
"",,(IITR),,,,,,,,,,,
431-440,451-460,KOC UNIVERSITY,M,CO HI,2,B,-,-,45.6,16.2,42.6,10.5,28.5
"",,NATIONAL UNIVERSITY OF SCIENCES AND,,,,,,,,,,,
431-440,501-550,,M,CO VH,3,A,-,-,74.6,6.4,3.3,4.5,28.3
"",,TECHNOLOGY (NUST) ISLAMABAD,,,,,,,,,,,
431-440,481-490,PONTIFICIA UNIVERSIDAD CATOLICA DEL PERU,L,FO MD,5,B,-,-,18.7,1.8,5.5,3.9,28.7
431-440,390=,SWANSEA UNIVERSITY,L,FC HI,4,A,-,-,34.4,30.3,66,66.7,28.3
431-440,441-450,UNIVERSIDAD DE PALERMO,M,FO MD,3,B,-,-,64,1.1,34.2,95.4,28.4
431-440,451-460,XIAMEN UNIVERSITY,XL,FC VH,4,A,-,-,24.8,43.8,10.6,8,28.3
441-450,441-450,AUCKLAND UNIVERSITY OF TECHNOLOGY,L,CO HI,2,A,-,-,15.4,9.3,99,99.7,28.1
441-450,411-420,BANGOR UNIVERSITY,M,FC HI,5,A,-,-,16.4,59.5,54.3,74.3,28
441-450,501-550,KAZAN FEDERAL UNIVERSITY,L,FO VH,5,A,-,-,73.7,2.3,5.9,27.8,27.9
441-450,451-460,OREGON STATE UNIVERSITY,L,CO VH,5,A,-,-,31.1,35.6,58.9,28.1,28.1
441-450,431-440,SINGAPORE MANAGEMENT UNIVERSITY,M,SP HI,2,A,-,-,9.3,21.3,100,65.3,27.9
441-450,411-420,SOGANG UNIVERSITY,M,CO VH,4,B,-,-,44.8,16.4,11,12.5,27.8
441-450,441-450,UNIVERSITA DEGLI STUDI DI TRENTO,L,CO VH,4,A,-,-,10.9,50.2,40.4,11.5,28.2
441-450,377=,UNIVERSITE PARIS DESCARTES,XL,FC VH,5,A,-,-,20.3,43.4,13.5,25.1,27.9
441-450,451-460,YORK UNIVERSITY,XL,CO VH,4,A,-,-,13.2,20.6,31.9,66,28.1
"",,,,,,,,,,,,Inter-,
"",,,,,,,Academic,Employer,Faculty,Citations,International,,
"",,,,Classifi cation,,,,,,,,national,
"",,,,,,,Reputation,Reputation,Student,per Paper,Faculty,,
"",,,,,,,,,,,,Students,
"",,Institution Name,,,,,,,,,,,
451-460,389,BEIJING INSTITUTE OF TECHNOLOGY,L,FO VH,4,A,-,-,32.1,36.2,6.8,10.5,27.5
"",,INSTITUT NATIONAL DES SCIENCES APPLIQUEES,,,,,,,,,,,
451-460,421-430,,M,FO VH,4,A,-,-,43.6,8.9,34.1,90.2,27.7
"",,DE LYON (INSA),,,,,,,,,,,
451-460,401-410,KHALIFA UNIVERSITY,S,SP HI,2,A,-,-,69.3,14.2,100,45.2,27.4
451-460,451-460,SULTAN QABOOS UNIVERSITY,M,FC HI,3,A,-,-,62.3,9.6,100,4.6,27.3
451-460,501-550,TULANE UNIVERSITY,M,FC VH,5,B,-,-,74.8,18.4,16.7,25.9,27.6
451-460,471-480,UNIVERSIDAD DE SANTIAGO DE CHILE (USACH),L,FC MD,5,A,-,-,12.1,4.2,6.6,1.4,27.4
451-460,382=,UNIVERSITY OF EASTERN FINLAND,M,CO VH,3,A,-,-,47.5,34,23.5,13,27.5
451-460,471-480,UNIVERSITY OF SASKATCHEWAN,L,FC VH,5,A,-,-,32.8,34.1,69.2,57.1,27.2
451-460,385,UNIVERSITY OF STIRLING,M,CO VH,4,A,-,-,23.5,42.6,71.3,62.2,27.6
451-460,461-470,UNIVERSITY OF TENNESSEE,L,FC VH,5,A,-,-,21.7,67.4,5.8,5.9,27.4
461-470,431-440,JAGIELLONIAN UNIVERSITY,XL,FC HI,5,A,-,-,39.4,6.2,4,10.2,27.1
"",,MARTIN-LUTHER-UNIVERSITAT HALLE-,,,,,,,,,,,
461-470,501-550,,L,FC HI,5,A,-,-,81.3,8.4,11.2,16.6,26.7
"",,WITTENBERG,,,,,,,,,,,
461-470,431-440,PONTIFICIA UNIVERSIDAD JAVERIANA,XL,FC MD,5,B,-,-,16.1,2.1,6.8,2.4,26.9
461-470,441-450,SABANCI UNIVERSITY,S,FO VH,2,B,-,-,38.9,19.9,48.4,21.1,26.9
461-470,481-490,UNIVERSIDAD DE ZARAGOZA,XL,FC HI,5,A,-,-,59,12,3.5,12.1,26.7
461-470,451-460,UNIVERSITA DEGLI STUDI DI FIRENZE (UNIFI),XL,FC VH,4,A,-,-,14.2,21.5,7.1,13.4,26.8
461-470,481-490,UNIVERSITA DEGLI STUDI DI ROMA - TOR VERGATA,XL,CO VH,3,A,-,-,7.9,30.3,8.9,22.2,26.9
461-470,,UNIVERSITAT POTSDAM,L,FO VH,,,-,-,2.8,81.1,,25.7,27.1
461-470,461-470,UNIVERSITY OF NEW MEXICO,L,FC VH,5,A,-,-,48,33.1,11.6,6.5,26.9
461-470,461-470,WAYNE STATE UNIVERSITY,L,FC VH,5,A,-,-,75.3,21.5,19.2,23.6,27
471-480,384,AMERICAN UNIVERSITY,L,CO HI,5,B,-,-,30,10.3,7.5,32,26.5
471-480,441-450,DONGGUK UNIVERSITY,L,FC HI,5,B,-,-,76.1,7.2,12.4,28.9,26.6
"",,HUAZHONG UNIVERSITY OF SCIENCE AND,,,,,,,,,,,
471-480,441-450,,XL,FC VH,4,A,-,-,18.1,52,12.7,8.1,26.5
"",,TECHNOLOGY,,,,,,,,,,,
471-480,421-430,IOWA STATE UNIVERSITY,XL,CO VH,5,A,-,-,14.2,42.1,21.9,23.7,26.5
471-480,551-600,JOHANNES KEPLER UNIVERSITAT LINZ (JKU),M,CO VH,4,A,-,-,24.9,27.6,67.4,24,26.4
471-480,461-470,KARL-FRANZENS-UNIVERSITAT GRAZ,L,CO HI,5,A,-,-,17,17.7,52.8,37.1,26.5
471-480,501-550,KING KHALID UNIVERSITY,XL,FC MD,2,A,-,-,77.4,1.4,100,24.5,26.6
471-480,471-480,MIDDLE EAST TECHNICAL UNIVERSITY,L,CO VH,4,A,-,-,8.3,23.2,10.5,8.8,26.4
471-480,431-440,SHARIF UNIVERSITY OF TECHNOLOGY,M,FO VH,4,A,-,-,9.7,84.3,,1.3,26.4
471-480,481-490,TIANJIN UNIVERSITY,XL,CO VH,5,A,-,-,30.6,49.7,7.5,4.2,26.5
481-490,491-500,ABERYSTWYTH UNIVERSITY,M,CO VH,5,A,-,-,30.6,34.4,61.8,43.4,26.2
481-490,551-600,CAIRO UNIVERSITY,XL,FC HI,5,A,-,-,13.2,2.7,2.4,7.1,26.2
481-490,441-450,CHANG GUNG UNIVERSITY,M,FO VH,3,B,-,-,69,46.5,3.9,8.3,26.3
481-490,386=,COLORADO STATE UNIVERSITY,L,CO VH,5,A,-,-,28.9,23.5,25.3,11,26.1
481-490,421-430,JULIUS-MAXIMILIANS-UNIVERSITAT WURZBURG,L,FC VH,5,A,-,-,14.5,48.7,33.7,13.8,26.3
481-490,421-430,RENMIN (PEOPLE’S) UNIVERSITY OF CHINA,L,FO VH,4,A,-,-,33.9,5.9,8.5,7.5,26
481-490,491-500,UNIVERSITA CATTOLICA DEL SACRO CUORE,XL,CO VH,4,B,-,-,10.6,17.9,16.3,14.6,26.3
481-490,481-490,UNIVERSITA DEGLI STUDI DI NAPOLI FEDERICO II,XL,FC VH,5,A,-,-,3.7,46.4,1.6,1.4,25.9
481-490,441-450,UNIVERSITAT BREMEN,L,CO VH,3,A,-,-,25.6,23,29.1,20.9,25.9
481-490,501-550,UNIVERSITY OF DELHI,L,FC HI,4,A,-,-,7.8,11.7,2.7,1.7,26.1
481-490,441-450,"UNIVERSITY OF MARYLAND, BALTIMORE COUNTY",M,FC VH,4,A,-,-,17.7,78.4,11.2,15.1,26.2
491-500,471-480,BOGAZICI UNIVERSITESI,M,CO VH,5,A,-,-,5.6,33,19.1,16.5,25.8
491-500,501-550,CZECH TECHNICAL UNIVERSITY IN PRAGUE,L,SP VH,5,A,-,-,26,9.5,5.9,42.3,25.7
491-500,491-500,JILIN UNIVERSITY,XL,FC VH,4,A,-,-,49,20.1,16.7,3.3,25.6
"",,KAZAKH NATIONAL PEDAGOGICAL UNIVERSITY,,,,,,,,,,,
491-500,501-550,,M,CO LO,4,A,-,-,92.6,,19.5,9.4,25.3
"",,ABAI,,,,,,,,,,,
491-500,551-600,POLITECNICA DE MADRID,XL,SP VH,3,A,-,-,21.1,10.9,3.2,33.6,25.2
491-500,451-460,PUSAN NATIONAL UNIVERSITY,L,FC VH,4,A,-,-,34.7,21.8,8.1,11.1,25.2
"",,UNIVERSIDADE ESTADUAL PAULISTA JULIO DE,,,,,,,,,,,
491-500,501-550,,XL,FC VH,3,A,-,-,27.4,10.8,5.9,3.3,25.8
"",,MESQUITA FILHO,,,,,,,,,,,
491-500,491-500,UNIVERSITE SAINT-JOSEPH DE BEYROUTH,M,FC MD,5,B,-,-,70.2,2.2,59.9,9.3,25.6
491-500,501-550,UNIVERSITY OF GUELPH,L,CO VH,4,A,-,-,9.5,40.9,46.9,15.5,25.3
491-500,601-650,URAL FEDERAL UNIVERSITY,L,CO HI,4,A,-,-,73.5,1.7,13.5,19.2,25.3
