name,country,qs_rank,ti_rank,sh_rank,lon,lat,qs_key,ti_key,sh_key,sum3R,nonNA3R,rank
Stanford University,United States,2,3,2,-122.169719,37.4274745,2,4,2,7,0,2.33333333333333
Massachusetts Institute of Technology,United States,1,5,4,-71.09416,42.360091,1,5,4,10,0,3.33333333333333
Harvard University,United States,3,6,1,-71.1166601,42.3770029,3,6,1,10,0,3.33333333333333
University of Cambridge,United Kingdom,5,2,3,0.1149085,52.2042666,5,2,3,10,0,3.33333333333333
University of Oxford,United Kingdom,6,1,7,-1.2543668,51.7548164,6,1,7,14,0,4.66666666666667
California Institute of Technology,United States,4,3,9,-118.125269,34.1376576,4,3,9,16,0,5.33333333333333
Princeton University,United States,13,7,6,-74.6514481,40.3439888,13,7,6,26,0,8.66666666666667
University of Chicago,United States,9,9,10,-87.5987133,41.7886079,9,9,10,28,0,9.33333333333333
UCL,United Kingdom,7,NA,16,-0.1340401,51.5245592,7,NA,16,23,1,11.5
ETH Zurich,Switzerland,10,10,19,8.5476699,47.376313,10,10,19,39,0,13
Yale University,United States,16,12,11,-72.9223431,41.3163244,16,12,11,39,0,13
Columbia University,United States,18,14,8,-73.9625727,40.8075355,18,14,8,40,0,13.3333333333333
Imperial College London,United Kingdom,8,8,27,-0.1748772,51.4987997,8,8,27,43,0,14.3333333333333
University of Pennsylvania,United States,19,10,17,-75.1932137,39.9522188,19,11,17,46,0,15.3333333333333
Cornell University,United States,14,19,14,-76.4735027,42.4534492,14,19,14,47,0,15.6666666666667
Johns Hopkins University,United States,17,13,18,-76.6205177,39.3299013,17,13,18,48,0,16
"University of California, Berkeley",United States,27,18,5,-122.2585399,37.8718992,27,18,5,50,0,16.6666666666667
"University of California, Los Angeles",United States,33,15,12,-118.4451811,34.068921,33,15,12,60,0,20
"University of California, San Francisco",United States,NA,NA,21,-122.4482377,37.7859895,NA,NA,21,21,2,21
Duke University,United States,21,17,26,-78.9382286,36.0014258,21,17,26,64,0,21.3333333333333
University of Michigan,United States,21,21,24,-83.7382241,42.2780436,22,21,25,66,0,22
Northwestern University,United States,28,20,22,-87.675267,42.0564594,28,20,22,70,0,23.3333333333333
University of Toronto,Canada,31,22,23,-79.3956564,43.6628917,31,23,23,76,0,25.3333333333333
University of Edinburgh,United Kingdom,23,27,32,-3.1892413,55.9445158,24,27,32,82,0,27.3333333333333
"University of California, San Diego",United States,38,31,15,-117.2340135,32.8800604,39,31,15,84,0,28
University of Tokyo,Japan,28,46,24,139.761989,35.7126775,29,46,24,98,0,32.6666666666667
The University of Hong Kong,Hong Kong,26,40,NA,114.1370848,22.2829989,26,40,NA,66,1,33
University of Washington,United States,61,25,13,-122.3035199,47.6553351,61,26,13,99,0,33
Tsinghua University,China,25,30,48,116.3264439,39.9996674,25,30,49,103,0,34.3333333333333
King's College London,United Kingdom,23,36,46,-0.115997,51.5114864,23,36,46,105,0,35
The Rockefeller University,USA,NA,NA,36,-73.9556889,40.7625706,NA,NA,36,36,2,36
University of Melbourne,Australia,41,32,39,144.9611738,-37.7963689,42,32,39,112,0,37.3333333333333
University of British Columbia,Canada,51,34,31,-123.2459938,49.2606052,51,34,31,116,0,38.6666666666667
New York University,United States,52,27,29,-73.9964609,40.7295134,52,28,29,79,1,39.5
Karolinska Institutet,Sweden,NA,38,44,18.0236579,59.3481484,NA,39,44,82,1,41
École polytechnique fédérale de Lausanne,Switzerland,12,38,76,6.5667576,46.5190557,12,38,76,126,0,42
University of Manchester,United Kingdom,34,54,38,-2.2338837,53.4668498,34,55,38,126,0,42
University of Wisconsin–Madison,United States,55,43,28,-89.4124875,43.076592,55,43,28,126,0,42
National University of Singapore,Singapore,15,22,91,103.7763939,1.2966426,15,22,91,128,0,42.6666666666667
Peking University,China,38,27,71,116.3058739,39.986913,38,29,72,136,0,45.3333333333333
McGill University,Canada,32,42,67,-73.5771511,45.5047847,32,42,67,141,0,47
University of Illinois at Urbana–Champaign,United States,69,37,37,-88.2271615,40.1019523,69,37,37,143,0,47.6666666666667
The University of Texas Southwestern Medical Center at Dallas,USA,NA,NA,48,-96.8439894,32.8156603,NA,NA,48,48,2,48
Kyoto University,Japan,36,74,35,135.7808218,35.0262444,36,74,35,145,0,48.3333333333333
Carnegie Mellon University,United States,47,24,80,-79.9430128,40.4428081,47,24,81,151,0,50.3333333333333
Technical University of Munich,Germany,64,41,50,11.5678602,48.14966,64,41,50,155,0,51.6666666666667
Heidelberg University,Germany,68,45,42,8.6702492,49.4191402,68,45,42,155,0,51.6666666666667
Ludwig Maximilian University of Munich,Germany,66,34,57,11.58043,48.150806,66,35,57,157,0,52.3333333333333
Australian National University,Australia,20,48,97,149.118527,-35.2776999,20,48,97,165,0,55
University of Queensland,Australia,47,65,55,153.0120301,-27.4954306,48,65,55,167,0,55.6666666666667
University of Texas at Austin,United States,67,49,51,-97.7340567,30.2849185,67,49,51,167,0,55.6666666666667
"Ecole normale supérieure, Paris",France,43,NA,69,2.3451689,48.8422058,43,NA,69,112,1,56
University of North Carolina at Chapel Hill,United States,80,56,33,-79.0469134,35.9049122,80,57,33,169,0,56.3333333333333
Washington University in St. Louis,United States,100,50,20,-90.3107962,38.6487895,100,51,20,170,0,56.6666666666667
University of Bristol,United Kingdom,44,76,61,-2.6029792,51.4584172,44,76,61,181,0,60.3333333333333
Georgia Institute of Technology,United States,70,33,85,-84.396285,33.7756178,70,33,85,188,0,62.6666666666667
Nanyang Technological University,Singapore,11,52,125.5,103.6831347,1.3483099,11,52,115,188.5,0,62.8333333333333
University of Sydney,Australia,50,61,83,151.1873473,-33.888584,50,61,83,194,0,64.6666666666667
KU Leuven,Belgium,71,47,90,4.7002953,50.8779545,71,47,90,208,0,69.3333333333333
University of Copenhagen,Denmark,73,109,30,12.5724096,55.6802303,73,110,30,212,0,70.6666666666667
Mayo Medical School,USA,NA,NA,71,-92.4668474,44.0224073,NA,NA,71,71,2,71
Paris Sciences et Lettres,France,NA,72,NA,2.3378212,48.8546601,NA,73,NA,72,2,72
Monash University,Australia,60,80,78,145.1362182,-37.9105238,60,81,78,218,0,72.6666666666667
Utrecht University,Netherlands,109,68,47,5.1226018,52.0901527,111,68,47,224,0,74.6666666666667
Brown University,United States,53,50,125.5,-71.4025482,41.8267718,53,50,104,228.5,0,76.1666666666667
The Chinese University of Hong Kong,Hong Kong,46,58,125.5,114.2109318,22.4162632,46,58,125,229.5,0,76.5
Boston University,United States,81,70,80,-71.1053991,42.3504997,81,70,80,231,0,77
"University of California, Santa Barbara",United States,134,53,45,-119.848947,34.4139629,134,53,45,232,0,77.3333333333333
London School of Economics,United Kingdom,35,25,175.5,-0.1173766,51.5144077,35,25,156,235.5,0,78.5
Seoul National University,South Korea,36,74,125.5,126.9519053,37.459882,37,75,119,235.5,0,78.5
Ohio State University,United States,86,70,80,-83.0309143,40.0141905,86,71,82,236,0,78.6666666666667
Purdue University,United States,105,60,77,-86.9211946,40.4237054,105,60,77,242,0,80.6666666666667
University of Amsterdam,Netherlands,58,59,125.5,4.9557263,52.3558182,58,59,131,242.5,0,80.8333333333333
University of Helsinki,Finland,102,90,56,24.9510419,60.1726348,102,90,56,248,0,82.6666666666667
Rice University,United States,89,86,74,-95.4018312,29.7173941,89,86,74,249,0,83
"University of Maryland, College Park",United States,129,69,53,-76.9425543,38.9869183,129,69,53,251,0,83.6666666666667
University of Southern California,United States,132,66,54,-118.285117,34.0223519,132,66,54,252,0,84
University of Minnesota,United States,163,56,34,-93.2277285,44.97399,163,56,34,253,0,84.3333333333333
Pennsylvania State University,United States,93,77,85,-77.8599084,40.7982133,93,77,86,255,0,85
University of Groningen,Netherlands,113,83,59,6.5629872,53.2192634,113,83,59,255,0,85
The University of New South Wales,Australia,45,85,125.5,151.2312675,-33.917347,45,85,126,255.5,0,85.1666666666667
"University of California, Davis",United States,118,54,85,-121.7617125,38.5382322,118,54,87,257,0,85.6666666666667
Uppsala University,Sweden,112,86,63,17.6300093,59.8509005,112,87,63,261,0,87
Leiden University,Netherlands,109,67,88,4.485209,52.1571485,109,67,88,264,0,88
University of Zurich,Switzerland,73,136,58,8.5509812,47.3743221,74,136,58,267,0,89
University of Glasgow,United Kingdom,65,80,125.5,-4.2882005,55.8721211,65,80,124,270.5,0,90.1666666666667
Humboldt University of Berlin,Germany,120,62,NA,13.3936551,52.517883,120,62,NA,182,1,91
University of Warwick,United Kingdom,57,91,125.5,-1.5614704,52.3792525,57,91,146,273.5,0,91.1666666666667
Fudan University,China,40,116,125.5,121.5036178,31.2974197,40,116,108,281.5,0,93.8333333333333
Osaka University,Japan,63,NA,125.5,135.5244676,34.8220139,63,227,117,188.5,1,94.25
McMaster University,Canada,140,78,66,-79.9192254,43.260879,140,78,66,284,0,94.6666666666667
University of Geneva,Switzerland,98,130,60,6.1451157,46.199444,99,131,60,288,0,96
Erasmus University Rotterdam,Netherlands,147,72,73,4.525585,51.91752,148,72,73,292,0,97.3333333333333
Delft University of Technology,Netherlands,54,63,175.5,4.3758659,51.9962559,54,63,153,292.5,0,97.5
Aarhus University,Denmark,119,109,65,10.2030118,56.1681384,119,109,65,293,0,97.6666666666667
University of Paris VI: Pierre-and-Marie-Curie University,France,131,123,40,2.357499,48.8471036,131,124,40,294,0,98
The University of Western Australia,Australia,93,111,91,115.8199096,-31.981179,94,112,92,295,0,98.3333333333333
Lund University,Sweden,78,93,125.5,13.203493,55.7119483,79,93,113,296.5,0,98.8333333333333
Nagoya University,Japan,116,NA,84,136.967573,35.153491,116,329,84,200,1,100
Ghent University,Belgium,125,107,69,3.7279181,51.0465619,126,107,70,301,0,100.333333333333
Tohoku University,Japan,76,NA,125.5,140.874074,38.253834,77,246,129,201.5,1,100.75
University of Pittsburgh,United States,142,100,68,-79.960835,40.4443533,143,102,68,310,0,103.333333333333
University of Sheffield,United Kingdom,82,104,125.5,-1.4879469,53.3809409,83,104,127,311.5,0,103.833333333333
Wageningen University & Research,Netherlands,124,64,125.5,5.6657696,51.9845558,124,64,145,313.5,0,104.5
Free University of Berlin,Germany,125,88,NA,13.2896787,52.4525264,125,88,NA,213,1,106.5
The Hong Kong University of Science and Technology,Hong Kong,30,44,250.5,114.2654655,22.3363998,30,44,249,324.5,0,108.166666666667
University of Colorado Boulder,United States,182,100,43,-105.2659417,40.007581,184,101,43,325,0,108.333333333333
"University of California, Irvine",United States,164,99,64,-117.8442962,33.6404952,166,99,64,327,0,109
University of Alberta,Canada,90,119,125.5,-113.5263186,53.5232189,91,119,130,334.5,0,111.5
University of Basel,Switzerland,149,95,95,7.5826,47.5602535,150,95,95,339,0,113
University of Southampton,United Kingdom,102,126,NA,-1.3966381,50.935742,103,128,NA,228,1,114
University of Malaya,Malaysia,114,NA,NA,101.6543903,3.1201114,115,NA,NA,114,2,114
École Polytechnique de Montréal,France,NA,115,NA,-73.6128829,45.504384,NA,115,NA,115,2,115
Tokyo Institute of Technology,Japan,56,NA,175.5,139.6835302,35.6051229,56,294,168,231.5,1,115.75
University of Oslo,Norway,142,146,62,10.7217496,59.9399586,142,146,62,350,0,116.666666666667
University of Birmingham,United Kingdom,84,141,125.5,-1.9305135,52.4508168,85,141,133,350.5,0,116.833333333333
University of Science and Technology of China,China,97,132,125.5,117.28059,31.821994,97,132,141,354.5,0,118.166666666667
University of Nottingham,United Kingdom,84,147,125.5,-1.1951582,52.938636,84,148,139,356.5,0,118.833333333333
Michigan State University,United States,149,83,125.5,-84.4821719,42.701848,149,84,114,357.5,0,119.166666666667
University of Leeds,United Kingdom,101,139,125.5,-1.5550328,53.8066815,101,139,137,365.5,0,121.833333333333
University of Adelaide,Australia,109,134,125.5,138.6062277,-34.920603,110,134,123,368.5,0,122.833333333333
Vanderbilt University,United States,212,105,52,-86.8026551,36.1447034,212,106,52,369,0,123
Emory University,United States,147,98,125.5,-84.3239989,33.7925195,147,98,107,370.5,0,123.5
Shanghai Jiao Tong University,China,62,188,125.5,121.432841,31.201001,62,189,120,375.5,0,125.166666666667
Arizona State University,USA,NA,NA,125.5,-112.1598496,33.6075228,NA,NA,102,125.5,2,125.5
Baylor College of Medicine,USA,NA,NA,125.5,-95.396241,29.710529,NA,NA,103,125.5,2,125.5
Icahn School of Medicine at Mount Sinai,USA,NA,NA,125.5,-73.9533616,40.7898695,NA,NA,109,125.5,2,125.5
The University of Texas M. D. Anderson Cancer Center,USA,NA,NA,125.5,-95.3966904,29.7071962,NA,NA,128,125.5,2,125.5
Viadrina European University,Germany,NA,NA,125.5,14.5542827,52.342151,NA,NA,135,125.5,2,125.5
University of Southampton,UK,NA,NA,125.5,-1.3980274,50.9362861,NA,NA,142,125.5,2,125.5
Weizmann Institute of Science,Israel,NA,NA,125.5,34.8083407,31.9045055,NA,NA,149,125.5,2,125.5
Charité - Universitätsmedizin Berlin,Germany,NA,126,NA,13.3766245,52.5264618,NA,127,NA,126,2,126
University of Freiburg,Germany,171,82,125.5,7.8459496,47.9935441,171,82,136,378.5,0,126.166666666667
Trinity College Dublin,Ireland,88,117,175.5,-6.2545716,53.3437935,88,118,169,380.5,0,126.833333333333
Moscow State University,Russia,95,194,93,37.5286696,55.7039349,95,194,93,382,0,127.333333333333
KAIST,South Korea,41,95,250.5,127.3640249,36.3693921,41,96,221,386.5,0,128.833333333333
University of Göttingen,Germany,181,113,95,9.9374005,51.5408116,181,113,96,389,0,129.666666666667
Zhejiang University,China,87,177,125.5,120.123279,30.263944,87,178,150,389.5,0,129.833333333333
University of Bern,Switzerland,167,105,125.5,7.438119,46.9504896,167,105,132,397.5,0,132.5
Cardiff University,United Kingdom,137,162,99,-3.1788641,51.4866271,138,163,99,398,0,132.666666666667
Stockholm University,Sweden,195,134,74,18.060776,59.363154,195,135,75,403,0,134.333333333333
Hebrew University of Jerusalem,Israel,145,NA,125.5,35.2414009,31.7945578,145,218,122,270.5,1,135.25
Université catholique de Louvain,Belgium,153,129,125.5,4.6155909,50.6696875,153,129,106,407.5,0,135.833333333333
University of Florida,United States,178,143,88,-82.3549302,29.6436325,178,143,89,409,0,136.333333333333
Université de Montréal,Canada,130,108,175.5,-73.6137592,45.5056156,130,108,190,413.5,0,137.833333333333
City University of Hong Kong,Hong Kong,49,119,250.5,114.172793,22.3371397,49,120,205,418.5,0,139.5
"Queen Mary, University of London",United Kingdom,127,121,175.5,-0.0403745,51.5240671,127,121,160,423.5,0,141.166666666667
University of Durham,United Kingdom,78,97,250.5,-1.5782029,54.7649859,78,97,211,425.5,0,141.833333333333
University of Tübingen,Germany,164,94,175.5,9.043774,48.5294782,164,94,197,433.5,0,144.5
Technical University of Denmark,Denmark,116,153,175.5,12.521381,55.7855742,117,153,164,444.5,0,148.166666666667
University of São Paulo,Brazil,121,NA,175.5,-46.6490459,-23.5916604,121,285,196,296.5,1,148.25
Hokkaido University,Japan,122,NA,175.5,141.340013,43.0779575,122,427,155,297.5,1,148.75
National Taiwan University,Taiwan,76,198,175.5,121.5397518,25.0173405,76,200,158,449.5,0,149.833333333333
Radboud University Nijmegen,Netherlands,204,122,125.5,5.8568877,51.8193148,204,122,118,451.5,0,150.5
University of Virginia,United States,173,113,175.5,-78.5079772,38.0335529,175,114,199,461.5,0,153.833333333333
University of Exeter,United Kingdom,158,130,175.5,-3.5351475,50.7371369,159,130,178,463.5,0,154.5
University of Paris-Sud,France,242,181,41,2.1764839,48.6976847,242,181,41,464,0,154.666666666667
University of Rochester,United States,186,153,125.5,-77.6260033,43.1305531,186,154,140,464.5,0,154.833333333333
University of Bonn,Germany,239,100,125.5,7.0865227,50.7267715,239,100,134,464.5,0,154.833333333333
University of Louisiana at Monroe,Germany,NA,155,NA,-92.073415,32.528282,NA,157,NA,155,2,155
Sungkyunkwan University,South Korea,108,111,250.5,126.993606,37.588227,108,111,246,469.5,0,156.5
RWTH Aachen University,Germany,141,79,250.5,6.0656869,50.7800778,141,79,241,470.5,0,156.833333333333
University of Lausanne,Switzerland,146,152,175.5,6.5801606,46.5210895,146,152,184,473.5,0,157.833333333333
University of Liverpool,United Kingdom,173,177,125.5,-2.9655722,53.405936,174,177,138,475.5,0,158.5
Technion – Israel Institute of Technology,Israel,224,NA,93,35.0231271,32.7767783,225,342,94,317,1,158.5
Texas A&M University,United States,195,159,125.5,-96.336499,30.618531,197,160,121,479.5,0,159.833333333333
University of Bath,United Kingdom,160,NA,NA,-2.3272635,51.3781162,160,255,NA,160,2,160
National Tsing Hua University,Taiwan,161,NA,NA,120.9932316,24.7947253,161,330,NA,161,2,161
University of Buenos Aires,Argentina,75,NA,250.5,-58.3730695,-34.5998875,75,NA,265,325.5,1,162.75
University of Arizona,United States,230,161,99,-110.9501094,32.2318851,231,161,100,490,0,163.333333333333
Karlsruhe Institute of Technology,Germany,107,133,250.5,8.4170303,49.0119199,107,133,219,490.5,0,163.5
University of Vienna,Austria,154,165,175.5,16.3600504,48.2131855,154,165,198,494.5,0,164.833333333333
Case Western Reserve University,United States,213,158,125.5,-81.6083838,41.5043413,213,158,105,496.5,0,165.5
Arizona State University,United States,209,126,NA,-111.9280527,33.4242399,209,126,NA,335,1,167.5
Dartmouth College,United States,169,89,250.5,-72.2886935,43.7044406,169,89,208,508.5,0,169.5
Vrije Universiteit,Netherlands,218,165,125.5,4.8657199,52.3337568,218,166,148,508.5,0,169.5
Korea University,South Korea,90,NA,250.5,127.0277773,37.590799,90,225,222,340.5,1,170.25
Indian Institute of Technology Delhi,India,172,NA,NA,77.1926284,28.5449756,172,NA,NA,172,2,172
King Saud University,Saudi Arabia,221,NA,125.5,46.6191078,24.716241,221,NA,112,346.5,1,173.25
Scuola Superiore Sant'Anna Pisa di Studi Universitari e di Perfezionamento,Italy,192,155,NA,10.4027859,43.7209661,194,155,NA,347,1,173.5
Royal Institute of Technology,Sweden,98,173,250.5,18.0706646,59.3498065,98,173,223,521.5,0,173.833333333333
University of York,United Kingdom,135,137,250.5,-1.0561667,53.9455334,136,138,293,522.5,0,174.166666666667
University of Auckland,New Zealand,82,192,250.5,174.7691073,-36.8523378,82,192,250,524.5,0,174.833333333333
TU Dresden,Germany,195,155,175.5,13.7289964,51.0292734,196,156,170,525.5,0,175.166666666667
University of Bordeaux,France,NA,NA,175.5,-0.5935827,44.8086048,NA,307,174,175.5,2,175.5
University of Nebraska–Lincoln,United States,NA,NA,175.5,-96.7004763,40.8201966,NA,332,192,175.5,2,175.5
China Medical University (Taichung),China tw,NA,NA,175.5,120.6801328,24.1562767,NA,NA,151,175.5,2,175.5
Sichuan University,China,NA,NA,175.5,104.070295,30.63785,NA,NA,162,175.5,2,175.5
Leipzig University,Germany,NA,NA,175.5,12.3784615,51.3385738,NA,NA,185,175.5,2,175.5
University of Massachusetts Medical School - Worcester,USA,NA,NA,175.5,-71.7610714,42.2772479,NA,NA,188,175.5,2,175.5
Hong Kong Polytechnic University,Hong Kong,95,182,250.5,114.1784191,22.3028474,96,183,248,527.5,0,175.833333333333
CentraleSupélec,France,177,NA,NA,2.1639495,48.7088206,177,412,NA,177,2,177
Nanjing University,China,114,169,250.5,118.7789602,32.0568391,114,169,230,533.5,0,177.833333333333
Rutgers University - New Brunswick,United States,283,172,79,-74.4473991,40.5008186,283,172,79,534,0,178
Yonsei University,South Korea,106,NA,250.5,126.938572,37.565784,106,253,300,356.5,1,178.25
Indian Institute of Technology Bombay,India,179,NA,NA,72.9132679,19.1334302,179,372,NA,179,2,179
University of Luxembourg,Luxembourg,NA,179,NA,5.948386,49.504254,NA,179,NA,179,2,179
Indiana University Bloomington,United States,304,117,125.5,-86.5129458,39.1745704,304,117,110,546.5,0,182.166666666667
Maastricht University,Netherlands,200,103,250.5,5.6867065,50.8471373,200,103,227,553.5,0,184.5
Université libre de Bruxelles,Belgium,205,175,175.5,4.3822222,50.8132068,206,175,173,555.5,0,185.166666666667
Pohang University of Science and Technology,South Korea,71,137,350.5,129.3231836,36.0138857,72,137,342,558.5,0,186.166666666667
National Autonomous University of Mexico,Mexico,122,NA,250.5,-99.1843676,19.3188895,123,NA,231,372.5,1,186.25
"University of California, Santa Cruz",United States,301,162,98,-122.0582972,36.9914738,301,162,98,561,0,187
Scuola Normale Superiore di Pisa,Italy,192,184,NA,10.40033,43.719601,193,184,NA,376,1,188
Kyushu University,Japan,128,NA,250.5,130.4250445,33.6266584,128,375,224,378.5,1,189.25
Tel Aviv University,Israel,205,NA,175.5,34.8043877,32.1133141,205,244,165,380.5,1,190.25
University of Massachusetts Lowell,United States,NA,191,NA,-71.3240468,42.6500568,NA,191,NA,191,2,191
Chalmers University of Technology,Sweden,133,NA,250.5,11.9781232,57.6888144,133,208,203,383.5,1,191.75
Norwegian University of Science and Technology,Norway,259,NA,125.5,10.4020771,63.419499,259,280,116,384.5,1,192.25
University of St Andrews,United Kingdom,92,143,350.5,-2.7927522,56.3416934,92,144,385,585.5,0,195.166666666667
Sapienza University of Rome,Italy,215,NA,175.5,12.5144384,41.9037626,215,337,161,390.5,1,195.25
University of Newcastle,United Kingdom,161,175,250.5,-1.6146608,54.9791871,162,176,232,586.5,0,195.5
Tufts University,United States,243,169,175.5,-71.1190232,42.4074843,244,170,171,587.5,0,195.833333333333
University of Calgary,Canada,217,NA,175.5,-114.1358007,51.0781599,217,207,167,392.5,1,196.25
King Abdulaziz University,Saudi Arabia,267,NA,125.5,39.2575481,21.5016038,268,223,111,392.5,1,196.25
École Normale Supérieure de Lyon,France,157,182,250.5,4.8285332,45.7298448,157,182,212,589.5,0,196.5
University of Aberdeen,United Kingdom,158,185,250.5,-2.1015257,57.16476,158,185,257,593.5,0,197.833333333333
Eindhoven University of Technology,Netherlands,104,141,350.5,5.4907148,51.4486098,104,142,316,595.5,0,198.5
Monterrey Institute of Technology and Higher Education,Mexico,199,NA,NA,-100.28954,25.6515649,199,NA,NA,199,2,199
University of Hamburg,Germany,223,NA,175.5,9.9846195,53.5665641,223,216,180,398.5,1,199.25
Georgetown University,United States,227,123,250.5,-77.0722585,38.9076089,227,123,215,600.5,0,200.166666666667
University of Waterloo,Canada,152,NA,250.5,-80.5448576,43.4722854,152,251,291,402.5,1,201.25
Hanyang University,South Korea,155,NA,250.5,127.0453219,37.5572321,155,369,216,405.5,1,202.75
Waseda University,Japan,203,NA,NA,139.7196485,35.7087334,203,NA,NA,203,2,203
University of Barcelona,Spain,156,NA,250.5,2.16402,41.386608,156,203,260,406.5,1,203.25
University of Miami,United States,252,186,175.5,-80.2771253,25.7191685,252,186,189,613.5,0,204.5
University of Notre Dame,United States,216,150,250.5,-86.2353388,41.7055716,216,151,280,616.5,0,205.5
Grenoble Alpes University,France,236,NA,175.5,5.7749356,45.1906157,237,319,172,411.5,1,205.75
University of Illinois at Chicago,United States,207,NA,NA,-87.6581066,41.8749598,208,269,NA,207,2,207
University of Bergen,Norway,164,NA,250.5,5.3217549,60.3878586,165,204,262,414.5,1,207.25
Macquarie University,Australia,240,NA,175.5,151.1126498,-33.7738237,240,274,157,415.5,1,207.75
University of Erlangen-Nuremberg,Germany,287,162,175.5,11.0045507,49.5978804,288,164,177,624.5,0,208.166666666667
University of Sussex,United Kingdom,228,147,250.5,-0.087914,50.8670895,228,149,284,625.5,0,208.5
University of Alabama at Birmingham,United States,NA,168,250.5,-86.8064447,33.5021227,NA,168,258,418.5,1,209.25
Politecnico di Milano,Italy,170,NA,250.5,9.2297627,45.4786455,170,334,237,420.5,1,210.25
University of Lancaster,United Kingdom,135,150,350.5,-2.7877294,54.0103942,135,150,329,635.5,0,211.833333333333
University of Massachusetts Amherst,United States,249,NA,175.5,-72.5267121,42.3911569,249,NA,187,424.5,1,212.25
University of Strasbourg,France,303,NA,125.5,7.7664545,48.5790692,303,391,143,428.5,1,214.25
Paris Diderot University,France,305,NA,125.5,2.3817936,48.8293187,305,230,147,430.5,1,215.25
Vrije Universiteit Brussel,Belgium,182,NA,250.5,4.394886,50.821658,185,349,295,432.5,1,216.25
Curtin University,Australia,262,NA,175.5,115.8944182,-32.0061951,262,362,152,437.5,1,218.75
University of Gothenburg,Sweden,283,198,175.5,11.971878,57.6981719,285,199,179,656.5,0,218.833333333333
University of Münster,Germany,308,173,175.5,7.6131826,51.9635705,310,174,191,656.5,0,218.833333333333
University of Bologna,Italy,188,NA,250.5,11.354157,44.4962318,188,205,264,438.5,1,219.25
University of Reading,United Kingdom,188,NA,250.5,-0.9418157,51.4414205,189,235,253,438.5,1,219.25
Sciences Po,France,220,NA,NA,2.3283745,48.8540917,220,480,NA,220,2,220
Queen's University,Canada,224,NA,NA,-76.4951412,44.2252795,224,NA,NA,224,2,224
National University of Sciences And Technology (NUST) Islamabad,Pakistan,435.5,16,NA,NA,NA,438,16,NA,451.5,1,225.75
Queen's University Belfast,United Kingdom,202,NA,250.5,-5.9340493,54.5844087,202,233,239,452.5,1,226.25
"Royal Holloway, University of London",United Kingdom,259,197,NA,-0.5630625,51.425673,260,197,NA,456,1,228
Technical University of Berlin,Germany,144,92,450.5,13.3269446,52.5125322,144,92,455,686.5,0,228.833333333333
Pompeu Fabra University,Spain,296,140,250.5,2.1797941,41.3789689,298,140,238,686.5,0,228.833333333333
Universiti Putra Malaysia,Malaysia,229,NA,NA,101.71629,2.991686,229,NA,NA,229,2,229
National University of Malaysia,Malaysia,230,NA,NA,101.7774225,2.929997,230,NA,NA,230,2,230
University of Antwerp,Belgium,210,NA,250.5,4.4102318,51.2228097,210,202,259,460.5,1,230.25
University of Western Ontario,Canada,210,NA,250.5,-81.2737336,43.0095971,211,252,296,460.5,1,230.25
University of Innsbruck,Austria,286,NA,175.5,11.3838006,47.2633542,286,271,181,461.5,1,230.75
Autonomous University of Barcelona,Spain,195,147,350.5,2.1048538,41.5019255,198,147,301,692.5,0,230.833333333333
"University of California, Riverside",United States,323,198,175.5,-117.3280644,33.9737055,324,198,175,696.5,0,232.166666666667
University of Ottawa,Canada,289,NA,175.5,-75.6831329,45.4231064,290,229,193,464.5,1,232.25
Loughborough University,United Kingdom,234,NA,NA,-1.224632,52.769227,234,326,NA,234,2,234
University of Dundee,United Kingdom,267,187,250.5,-2.9821428,56.4582447,269,187,251,704.5,0,234.833333333333
American University of Beirut,Lebanon,235,NA,NA,35.480744,33.9008359,235,NA,NA,235,2,235
University of Padua,Italy,296,NA,175.5,11.8774462,45.406766,297,383,194,471.5,1,235.75
Al-Farabi University,Kazakhstan,236,NA,NA,76.9219187,43.2252358,236,NA,NA,236,2,236
University of Twente,Netherlands,179,179,350.5,6.8508709,52.2393971,180,180,392,708.5,0,236.166666666667
University of Cape Town,South Africa,191,171,350.5,18.4611991,-33.957652,191,171,358,712.5,0,237.5
University of Lisbon,Portugal,305,NA,175.5,-9.158245,38.7526578,306,NA,186,480.5,1,240.25
University of Wollongong,Australia,232,NA,250.5,150.87843,-34.4054039,232,300,292,482.5,1,241.25
University of Cologne,Germany,331,145,250.5,6.9288192,50.9281625,333,145,273,726.5,0,242.166666666667
Paris-Sorbonne University,France,293,196,NA,2.3432774,48.8484556,295,196,NA,489,1,244.5
Sun Yat-sen University,China,319,NA,175.5,113.298883,23.0965384,320,392,163,494.5,1,247.25
Queensland University of Technology,Australia,247,NA,250.5,153.028415,-27.477357,247,234,240,497.5,1,248.75
University of Leicester,United Kingdom,238,159,350.5,-1.1246325,52.6211393,238,159,371,747.5,0,249.166666666667
University of Tsukuba,Japan,250,NA,250.5,140.103652,36.1088237,251,492,288,500.5,1,250.25
Harbin Institute of Technology,China,325,NA,175.5,126.6334306,45.7470436,326,NA,154,500.5,1,250.25
Medical University of Vienna,Austria,NA,NA,250.5,16.3515709,48.2203449,NA,276,229,250.5,2,250.5
University of Oregon,United States,NA,NA,250.5,-123.0726055,44.0448302,NA,281,281,250.5,2,250.5
Oregon Health & Science University,United States,NA,NA,250.5,-122.6858606,45.4989098,NA,282,235,250.5,2,250.5
University of South Florida,United States,NA,NA,250.5,-82.4138539,28.0587031,NA,288,283,250.5,2,250.5
Swedish University of Agricultural Sciences,Sweden,NA,NA,250.5,17.6628688,59.814947,NA,292,247,250.5,2,250.5
George Mason University,United States,NA,NA,250.5,-77.3119442,38.8314875,NA,317,214,250.5,2,250.5
University of Houston,United States,NA,NA,250.5,-95.3422334,29.7199489,NA,320,269,250.5,2,250.5
Drexel University,United States,NA,NA,250.5,-75.1899441,39.9566127,NA,364,210,250.5,2,250.5
Claude Bernard University Lyon 1,France,NA,NA,250.5,4.8679611,45.7788727,NA,415,206,250.5,2,250.5
University of Missouri,United States,NA,NA,250.5,-92.3277375,38.9403808,NA,447,278,250.5,2,250.5
University of Turin,Italy,NA,NA,250.5,7.6889006,45.069428,NA,494,289,250.5,2,250.5
King Abdullah University of Science and Technology,Saudi Arabia,NA,NA,250.5,39.104697,22.309465,NA,NA,220,250.5,2,250.5
London School of Hygiene & Tropical Medicine,UK,NA,NA,250.5,-0.1302803,51.5209007,NA,NA,226,250.5,2,250.5
Medical University of South Carolina,USA,NA,NA,250.5,-79.946747,32.7844632,NA,NA,228,250.5,2,250.5
Paul Sabatier University (Toulouse 3),France,NA,NA,250.5,1.4700537,43.5619687,NA,NA,236,250.5,2,250.5
Soochow University,China,NA,NA,250.5,120.651928,31.303257,NA,NA,242,250.5,2,250.5
South China University of Technology,China,NA,NA,250.5,113.344683,23.151326,NA,NA,243,250.5,2,250.5
Southeast University,China,NA,NA,250.5,118.79421,32.055981,NA,NA,244,250.5,2,250.5
The University of Texas Health Science Center at San Antonio,USA,NA,NA,250.5,-98.5753521,29.5074654,NA,NA,255,250.5,2,250.5
"University at Buffalo, The State University of New York",USA,NA,NA,250.5,-78.7889697,43.0008093,NA,NA,256,250.5,2,250.5
University of Belgrade,Serbia,NA,NA,250.5,20.4575676,44.8184339,NA,NA,261,250.5,2,250.5
University of Granada,Spain,NA,NA,250.5,-3.6006329,37.1846223,NA,NA,267,250.5,2,250.5
University of Illinois at Chicago,USA,NA,NA,250.5,-87.6474502,41.8693039,NA,NA,270,250.5,2,250.5
University of Lorraine,France,NA,NA,250.5,6.1764664,48.6962743,NA,NA,274,250.5,2,250.5
Virginia Commonwealth University,USA,NA,NA,250.5,-77.4509718,37.5495048,NA,NA,294,250.5,2,250.5
University of Otago,New Zealand,151,NA,350.5,170.5144227,-45.8646835,151,228,377,501.5,1,250.75
University of Technology Malaysia,Malaysia,253,NA,NA,103.6381827,1.55849,253,NA,NA,253,2,253
Beijing Normal University,China,256,NA,250.5,116.3662615,39.9619537,256,NA,202,506.5,1,253.25
National University of Colombia,Colombia,254,NA,NA,-74.0840464,4.6381938,254,NA,NA,254,2,254
Goethe University Frankfurt,Germany,254,NA,NA,8.6677635,50.1270675,255,266,NA,254,2,254
Ecole Polytechnique,France,59,NA,450.5,2.2112917,48.7142971,59,NA,416,509.5,1,254.75
University of the Andes,Colombia,256,NA,NA,-74.0664457,4.6014855,258,NA,NA,256,2,256
University of Mannheim,Germany,388,125,NA,8.4622333,49.4837106,389,125,NA,513,1,256.5
North Carolina State University,United States,263,NA,250.5,-78.6820946,35.7846633,263,279,233,513.5,1,256.75
University of Utah,United States,391,NA,125.5,-111.8421021,40.7649368,393,249,144,516.5,1,258.25
Aalto University,Finland,137,190,450.5,24.827682,60.1866693,137,190,401,777.5,0,259.166666666667
University College Dublin,Ireland,168,NA,350.5,-6.2236395,53.3082648,168,248,357,518.5,1,259.25
Northeastern University,United States,346,193,250.5,-71.0891717,42.3398067,347,193,234,789.5,0,263.166666666667
University of Technology Sydney,Australia,176,NA,350.5,151.2004942,-33.8832376,176,243,389,526.5,1,263.25
Indian Institute of Technology Madras,India,264,NA,NA,80.2420012,13.0052137,264,NA,NA,264,2,264
National Taiwan University of Science and Technology,Taiwan,264,NA,NA,121.5406792,25.0136906,265,454,NA,264,2,264
Wuhan University,China,282,NA,250.5,114.3643219,30.5360485,282,501,297,532.5,1,266.25
Autonomous University of Madrid,Spain,187,NA,350.5,-3.6943619,40.5466983,187,354,302,537.5,1,268.75
Linköping University,Sweden,287,NA,250.5,15.5760072,58.3978364,287,378,225,537.5,1,268.75
Pantheon-Sorbonne University,France,269,NA,NA,2.344468,48.8469373,270,NA,NA,269,2,269
Ecole des Ponts ParisTech,France,270,NA,NA,2.587983,48.841069,271,264,NA,270,2,270
University of Navarre,Spain,270,NA,NA,-1.6597295,42.8014859,272,331,NA,270,2,270
Indian Institute of Science,India,190,NA,350.5,77.5671423,13.0218597,190,270,323,540.5,1,270.25
Aix-Marseille University,France,415.5,NA,125.5,5.358066,43.293621,418,254,101,541,1,270.5
University of East Anglia,United Kingdom,274,188,350.5,1.2391761,52.6219215,274,188,365,812.5,0,270.833333333333
Keio University,Japan,192,NA,350.5,139.7429376,35.6489643,192,NA,327,542.5,1,271.25
Deakin University,Australia,293,NA,250.5,144.3596982,-38.1435006,293,312,209,543.5,1,271.75
Polytechnic University of Catalonia,Spain,275,NA,NA,2.1132804,41.388004,275,465,NA,275,2,275
University of Würzburg,Germany,485.5,165,175.5,9.9708462,49.7830083,485,167,200,826,0,275.333333333333
University of Chile,Chile,201,NA,350.5,-70.6509277,-33.4445204,201,NA,360,551.5,1,275.75
Tilburg University,Netherlands,357,195,NA,5.0419736,51.5631406,357,195,NA,552,1,276
Universitas Indonesia,Indonesia,277,NA,NA,106.8270482,-6.3627638,277,NA,NA,277,2,277
University of Strathclyde,United Kingdom,277,NA,NA,-4.2428535,55.8628285,278,487,NA,277,2,277
National Chiao Tung University,Taiwan,207,NA,350.5,120.999263,24.789067,207,452,336,557.5,1,278.75
University of South Australia,Australia,279,NA,NA,138.6066669,-34.9201652,280,238,NA,279,2,279
Carlos III University of Madrid,Spain,281,NA,NA,-3.7270795,40.316966,281,NA,NA,281,2,281
University of Tasmania,Australia,313,NA,250.5,147.3247697,-42.9041217,313,340,285,563.5,1,281.75
Charles University in Prague,Czech Republic,314,NA,250.5,14.4234889,50.0871106,314,413,204,564.5,1,282.25
University College Cork,Ireland,283,NA,NA,-8.4932737,51.8921099,284,397,NA,283,2,283
Victoria University of Wellington,New Zealand,219,NA,350.5,174.7686615,-41.2904017,219,498,397,569.5,1,284.75
National Cheng Kung University,Taiwan,222,NA,350.5,120.217172,22.9988083,222,NA,335,572.5,1,286.25
"The University of Newcastle, Australia",Australia,224,NA,350.5,151.7041775,-32.8927718,226,278,351,574.5,1,287.25
University of Milan,Italy,325,NA,250.5,9.1945843,45.4601435,327,328,277,575.5,1,287.75
The Katz School at Yeshiva University,United States,325,NA,250.5,-73.9288728,40.8503116,328,NA,299,575.5,1,287.75
National Taiwan Normal University,Taiwan,289,NA,NA,121.5275321,25.0260598,289,NA,NA,289,2,289
Bauman Moscow State Technical University,Russia,291,NA,NA,37.6855946,55.7659244,291,NA,NA,291,2,291
Complutense University of Madrid,Spain,233,NA,350.5,-3.7285872,40.4478246,233,NA,312,583.5,1,291.75
University of Waikato,New Zealand,292,NA,NA,175.3184579,-37.7868611,292,400,NA,292,2,292
Indian Institute of Technology Kanpur,India,293,NA,NA,80.2329,26.5123388,294,NA,NA,293,2,293
Pontificia Universidad Católica de Chile,Chile,137,NA,450.5,-70.6407933,-33.4411279,139,NA,410,587.5,1,293.75
Saint Petersburg State University,Russia,240,NA,350.5,30.2989199,59.941894,241,477,345,590.5,1,295.25
University of Jena,Germany,341,NA,250.5,11.5898195,50.9295513,341,NA,271,591.5,1,295.75
University of Hawai'i at Mañoa,United States,341,NA,250.5,-157.8171118,21.296939,342,217,268,591.5,1,295.75
"SOAS, University of London",United Kingdom,296,NA,NA,-0.129259,51.52235,296,484,NA,296,2,296
NUI Galway,Ireland,243,NA,350.5,-9.0614864,53.2770243,243,226,338,593.5,1,296.75
Xi'an Jiaotong University,China,344,NA,250.5,108.983693,34.250803,345,NA,298,594.5,1,297.25
Hong Kong Baptist University,Hong Kong,299,NA,NA,114.1818597,22.3380838,300,428,NA,299,2,299
University of Delaware,United States,425.5,NA,175.5,-75.7506114,39.6779504,429,211,176,601,1,300.5
University of Iowa,United States,425.5,NA,175.5,-91.5548998,41.6626963,430,220,182,601,1,300.5
University of Ulm,Germany,357,NA,250.5,9.955582,48.4222305,358,NA,290,607.5,1,303.75
University of Stuttgart,Germany,259,NA,350.5,9.1724985,48.7816472,261,240,386,609.5,1,304.75
University of Kiel,Germany,435.5,NA,175.5,10.1147022,54.3460549,433,222,183,611,1,305.5
Politecnico di Torino,Italy,307,NA,NA,7.662203,45.0624921,307,466,NA,307,2,307
University of Surrey,United Kingdom,264,NA,350.5,-0.5905421,51.2421839,267,290,387,614.5,1,307.25
University of the Witwatersrand,South Africa,364,NA,250.5,28.0302973,-26.190508,366,299,287,614.5,1,307.25
"Birkbeck, University of London",United Kingdom,308,NA,NA,-0.130462,51.521975,308,306,NA,308,2,308
Indian Institute of Technology Kharagpur,India,308,NA,NA,87.3105311,22.3149274,309,NA,NA,308,2,308
Oregon State University,United States,445.5,NA,175.5,-123.2794443,44.5637806,446,333,159,621,1,310.5
Paris Descartes University - Sorbonne Paris Cité,France,445.5,NA,175.5,2.340761,48.851251,450,NA,195,621,1,310.5
King Fahd University of Petroleum and Minerals,Saudi Arabia,173,NA,450.5,50.1498042,26.3048047,173,NA,430,623.5,1,311.75
Dalhousie University,Canada,279,NA,350.5,-63.5916555,44.6365812,279,263,313,629.5,1,314.75
Aalborg University,Denmark,379,NA,250.5,9.9818527,57.0145665,379,201,201,629.5,1,314.75
University of Montpellier,France,381,NA,250.5,3.8634485,43.6316206,381,381,279,631.5,1,315.75
Massey University,New Zealand,316,NA,NA,174.7027411,-36.7323894,316,443,NA,316,2,316
Tongji University,China,316,NA,NA,121.5074,31.2853,317,NA,NA,316,2,316
TU Wien,Austria,182,NA,450.5,16.3684626,48.1986546,182,347,496,632.5,1,316.25
Universidade Estadual de Campinas,Brazil,182,NA,450.5,-47.0647206,-22.8184393,183,486,467,632.5,1,316.25
Stony Brook University,United States,382,NA,250.5,-73.1233889,40.9123761,383,289,245,632.5,1,316.25
"University at Buffalo, The State University of New York",United States,318,NA,NA,-78.8182506,42.9533594,318,259,NA,318,2,318
University of Missouri–Kansas City,United States,386,NA,250.5,-94.5760259,39.0335539,387,374,272,636.5,1,318.25
Lincoln University,New Zealand,319,NA,NA,172.4677741,-43.6436854,319,NA,NA,319,2,319
Tomsk State University,Russia,323,NA,NA,84.9478675,56.4694917,323,NA,NA,323,2,323
Johannes Gutenberg University Mainz,Germany,398,NA,250.5,8.2415552,49.9926403,399,272,275,648.5,1,324.25
University of Porto,Portugal,301,NA,350.5,-8.6156998,41.1465479,302,NA,379,651.5,1,325.75
Ruhr University Bochum,Germany,405.5,NA,250.5,7.2616093,51.4456659,404,237,263,656,1,328
National Yang-Ming University,Taiwan,329,NA,NA,121.513702,25.123002,329,NA,NA,329,2,329
Ecole Normale Supérieure de Cachan,France,330,NA,NA,2.3272147,48.7887191,330,NA,NA,330,2,330
Federal University of Rio de Janeiro,Brazil,311,NA,350.5,-43.1753638,-22.9541412,311,NA,318,661.5,1,330.75
Institut Teknologi Bandung,Indonesia,331,NA,NA,107.6106591,-6.89148,331,NA,NA,331,2,331
Southern University of Chile,Argentina,331,NA,NA,-73.2516591,-39.8061639,332,NA,NA,331,2,331
University of Canterbury,New Zealand,214,NA,450.5,172.5839233,-43.5235375,214,357,468,664.5,1,332.25
University of Tartu,Estonia,314,NA,350.5,26.7198659,58.3810843,315,339,388,664.5,1,332.25
Belarusian State University,Belarus,334,NA,NA,27.5460609,53.8938988,334,NA,NA,334,2,334
Mahidol University,Thailand,334,NA,NA,100.3234171,13.7945775,335,NA,NA,334,2,334
University of Liège,Belgium,319,NA,350.5,5.559064,50.5830803,321,325,372,669.5,1,334.75
L.N. Gumilyov Eurasian National University,Kazakhstan,336,NA,NA,71.4648566,51.160307,336,NA,NA,336,2,336
Hiroshima University,Japan,322,NA,350.5,132.714908,34.403123,322,NA,321,672.5,1,336.25
University of Belgrano,Argentina,337,NA,NA,-58.443664,-34.564198,337,NA,NA,337,2,337
Griffith University,Australia,325,NA,350.5,153.0532585,-27.5550897,325,267,319,675.5,1,337.75
The University of Georgia,United States,425.5,NA,250.5,-83.3773221,33.9480053,426,366,252,676,1,338
University of Pisa,Italy,425.5,NA,250.5,10.3988593,43.7167235,427,385,282,676,1,338
University of Texas at Dallas,United States,425.5,NA,250.5,-96.7500993,32.9857619,431,245,254,676,1,338
Boston College,United States,339,NA,NA,-71.1664609,42.3351179,339,308,NA,339,2,339
Gwangju Institute of Science and Technology,South Korea,339,NA,NA,126.8407202,35.2272692,340,368,NA,339,2,339
"City, University of London",United Kingdom,343,NA,NA,-0.1025445,51.5278249,343,358,NA,343,2,343
Florida State University,United States,435.5,NA,250.5,-84.2984889,30.4418778,435,213,213,686,1,343
Umeå University,Sweden,338,NA,350.5,20.3036711,63.8205484,338,296,355,688.5,1,344.25
University of Essex,United Kingdom,347,NA,NA,0.9472069,51.8777259,349,265,NA,347,2,347
Nankai University,China,344,NA,350.5,117.1742232,39.1039443,344,NA,333,694.5,1,347.25
Chulalongkorn University,Thailand,245,NA,450.5,100.5276142,13.7390072,245,NA,412,695.5,1,347.75
Simon Fraser University,Canada,245,NA,450.5,-122.9198833,49.2780937,246,286,450,695.5,1,347.75
University of Victoria,Canada,346,NA,350.5,-123.3116935,48.4634067,348,345,394,696.5,1,348.25
RMIT University,Australia,247,NA,450.5,144.9642263,-37.8079933,248,470,448,697.5,1,348.75
Qatar University,Qatar,349,NA,NA,51.4876252,25.376743,350,467,NA,349,2,349
Universiti Brunei Darussalam,Brunei,349,NA,NA,114.89397,4.972665,351,NA,NA,349,2,349
Novosibirsk State University,Russia,250,NA,450.5,83.0943884,54.8477462,250,459,443,700.5,1,350.25
University of Cincinnati,United States,NA,NA,350.5,-84.5149504,39.1329219,NA,209,361,350.5,2,350.5
University of Pavia,Italy,NA,NA,350.5,9.1561041,45.1867156,NA,384,378,350.5,2,350.5
University of South Carolina,United States,NA,NA,350.5,-81.0274276,33.996112,NA,389,383,350.5,2,350.5
Temple University,United States,NA,NA,350.5,-75.1553512,39.9811935,NA,393,348,350.5,2,350.5
University of Vermont,United States,NA,NA,350.5,-73.1964637,44.4778528,NA,398,393,350.5,2,350.5
University of Manitoba,Canada,NA,NA,350.5,-97.1366259,49.8075008,NA,440,373,350.5,2,350.5
University of Milan-Bicocca,Italy,NA,NA,350.5,9.213452,45.518383,NA,446,374,350.5,2,350.5
Saint Louis University,United States,NA,NA,350.5,-90.2338232,38.6354598,NA,476,344,350.5,2,350.5
Tongji University,China,NA,NA,350.5,121.212046,31.282196,NA,491,354,350.5,2,350.5
Western Sydney University,Australia,NA,NA,350.5,150.7933263,-34.069638,NA,499,396,350.5,2,350.5
Beihang University,China,NA,NA,350.5,116.3411331,39.9828034,NA,NA,303,350.5,2,350.5
Boston College,USA,NA,NA,350.5,-71.1684945,42.3355488,NA,NA,304,350.5,2,350.5
Brigham Young University,USA,NA,NA,350.5,-111.6493156,40.2518435,NA,NA,306,350.5,2,350.5
Capital Medical University,China,NA,NA,350.5,116.352916,39.865177,NA,NA,307,350.5,2,350.5
Central South University,China,NA,NA,350.5,112.93251,28.16437,NA,NA,308,350.5,2,350.5
Chang Gung University,China tw,NA,NA,350.5,121.3901211,25.0309866,NA,NA,309,350.5,2,350.5
Chiba University,Japan,NA,NA,350.5,140.1033682,35.6277374,NA,NA,310,350.5,2,350.5
China University of Geosciences (Wuhan),China,NA,NA,350.5,114.401673,30.518151,NA,NA,311,350.5,2,350.5
Dalian University of Technology,China,NA,NA,350.5,121.529021,38.880381,NA,NA,314,350.5,2,350.5
East China University of Science and Technology,China,NA,NA,350.5,121.425248,31.140897,NA,NA,315,350.5,2,350.5
ESPCI ParisTech,France,NA,NA,350.5,2.347206,48.841427,NA,NA,317,350.5,2,350.5
Hannover Medical School,Germany,NA,NA,350.5,9.805953,52.384053,NA,NA,320,350.5,2,350.5
Hunan University,China,NA,NA,350.5,112.94395,28.178915,NA,NA,322,350.5,2,350.5
Indiana University – Purdue University Indianapolis,USA,NA,NA,350.5,-86.1763393,39.7738832,NA,NA,324,350.5,2,350.5
Lanzhou University,China,NA,NA,350.5,103.8585624,36.0477699,NA,NA,330,350.5,2,350.5
Louisiana State University,USA,NA,NA,350.5,-91.1800023,30.4132579,NA,NA,332,350.5,2,350.5
National and Kapodistrian University of Athens,Greece,NA,NA,350.5,23.7786871,37.968196,NA,NA,334,350.5,2,350.5
Ocean University of China,China,NA,NA,350.5,120.335301,36.061255,NA,NA,339,350.5,2,350.5
Okayama University,Japan,NA,NA,350.5,133.9222225,34.6873868,NA,NA,340,350.5,2,350.5
Shandong University,China,NA,NA,350.5,117.029014,36.64893,NA,NA,346,350.5,2,350.5
The University of Texas Health Science Center at Houston,USA,NA,NA,350.5,-95.4030452,29.7034179,NA,NA,352,350.5,2,350.5
University of Central Florida,USA,NA,NA,350.5,-81.2000599,28.6024274,NA,NA,359,350.5,2,350.5
University of Duesseldorf,Germany,NA,NA,350.5,6.794503,51.1888113,NA,NA,364,350.5,2,350.5
University of Kentucky,USA,NA,NA,350.5,-84.5039697,38.0306511,NA,NA,370,350.5,2,350.5
University of North Texas,USA,NA,NA,350.5,-97.1525862,33.207488,NA,NA,376,350.5,2,350.5
University of Santiago de Compostela,Spain,NA,NA,350.5,-8.5449726,42.8885225,NA,NA,381,350.5,2,350.5
University of Tehran,Iran,NA,NA,350.5,51.3957307,35.7022192,NA,NA,390,350.5,2,350.5
Toulouse 1 University Capitole,France,NA,NA,350.5,1.4371122,43.6067724,NA,NA,391,350.5,2,350.5
George Washington University,United States,352,NA,350.5,-77.0485992,38.8997145,354,215,349,702.5,1,351.25
"Université Paris-Dauphine, PSL Research University",France,355,NA,350.5,2.273451,48.870029,356,NA,341,705.5,1,352.75
University of Tennessee,United States,455.5,NA,250.5,-83.9294564,35.9544013,460,343,286,706,1,353
Kyung Hee University,South Korea,256,NA,450.5,127.052544,37.5961951,257,436,432,706.5,1,353.25
Moscow Institute of Physics and Technology,Russia,355,NA,NA,37.5199434,55.9297243,355,277,NA,355,2,355
La Trobe University,Australia,360,NA,350.5,145.048414,-37.7206671,360,376,328,710.5,1,355.25
University of Jyväskylä,Finland,357,NA,NA,25.7316336,62.2365317,359,432,NA,357,2,357
University of Science Malaysia,Malaysia,264,NA,450.5,100.3025177,5.3559337,266,NA,490,714.5,1,357.25
James Cook University,Australia,367,NA,350.5,146.7572865,-19.326378,367,221,325,717.5,1,358.75
Virginia Tech,United States,367,NA,350.5,-80.4234167,37.2283843,371,348,398,717.5,1,358.75
Oxford Brookes University,United Kingdom,361,NA,NA,-1.224225,51.755011,361,462,NA,361,2,361
Universidade Nova de Lisboa,Portugal,361,NA,NA,-9.160333,38.733682,363,NA,NA,361,2,361
Technische Universität Darmstadt,Germany,272,NA,450.5,8.65614,49.874778,273,242,454,722.5,1,361.25
Huazhong University of Science and Technology,China,475.5,NA,250.5,114.406972,30.510616,473,429,217,726,1,363
Iowa State University,United States,475.5,NA,250.5,-93.6464654,42.0266187,474,321,218,726,1,363
University of Turku,Finland,276,NA,450.5,22.2851138,60.4562974,276,396,493,726.5,1,363.25
Pontifical Catholic University of Argentina,Argentina,364,NA,NA,-58.3661389,-34.612809,364,NA,NA,364,2,364
Rensselaer Polytechnic Institute,United States,364,NA,NA,-73.678803,42.730172,365,335,NA,364,2,364
Laval University,Canada,378,NA,350.5,-71.2747424,46.7817463,378,273,331,728.5,1,364.25
Tokyo Medical and Dental University,Japan,367,NA,NA,139.764451,35.7012897,368,490,NA,367,2,367
University of the Philippines,Philippines,367,NA,NA,121.0107556,14.5979292,369,NA,NA,367,2,367
University of Tromsø,Norway,367,NA,NA,18.9710079,69.679788,370,495,NA,367,2,367
University of Southern Denmark,Denmark,384,NA,350.5,10.4282364,55.3689827,384,287,384,734.5,1,367.25
Colorado State University,United States,485.5,NA,250.5,-105.0865473,40.573436,484,359,207,736,1,368
University of St.Gallen,Switzerland,372,NA,NA,9.3755673,47.4321575,372,475,NA,372,2,372
University of Colorado Denver,United States,394,NA,350.5,-105.0023325,39.7463895,394,261,362,744.5,1,372.25
Aston University,United Kingdom,373,NA,NA,-1.8882174,52.4868584,373,353,NA,373,2,373
Moscow State Institute of International Relations,Russia,373,NA,NA,37.4846619,55.6728244,374,NA,NA,373,2,373
National Research Nuclear University,Russia,373,NA,NA,37.6638742,55.649567,375,453,NA,373,2,373
University of Kent,United Kingdom,373,NA,NA,1.0682493,51.2968974,377,322,NA,373,2,373
Ewha Womans University,South Korea,299,NA,450.5,126.9468294,37.5618577,299,NA,417,749.5,1,374.75
Tampere University of Technology,Finland,380,NA,NA,23.8586408,61.4497952,380,NA,NA,380,2,380
Heriot-Watt University,United Kingdom,312,NA,450.5,-3.3203494,55.9096602,312,370,424,762.5,1,381.25
National Research University – Higher School of Economics,Russia,382,NA,NA,44.0672315,56.3173389,382,NA,NA,382,2,382
Brandeis University,United States,415.5,NA,350.5,-71.258663,42.364989,414,206,305,766,1,383
University of Warsaw,Poland,415.5,NA,350.5,21.0186012,52.2403463,420,NA,395,766,1,383
National Research Tomsk Polytechnic University,Russia,386,NA,NA,84.9496823,56.4652485,386,344,NA,386,2,386
National Sun Yat-sen University,Taiwan,388,NA,NA,120.265843,22.6264249,388,NA,NA,388,2,388
Swinburne University of Technology,Australia,425.5,NA,350.5,145.0389546,-37.8221504,425,488,347,776,1,388
University of Connecticut,United States,425.5,NA,350.5,-72.2539805,41.8077414,428,311,363,776,1,388
United Arab Emirates University,United Arab Emirates,390,NA,NA,55.676034,24.200588,390,NA,NA,390,2,390
Dublin City University,Ireland,391,NA,NA,-6.2567865,53.385062,391,417,NA,391,2,391
National Central University,Taiwan,391,NA,NA,121.1925163,24.9694808,392,NA,NA,391,2,391
Xiamen University,China,435.5,NA,350.5,118.097855,24.4373484,442,502,400,786,1,393
The American University in Cairo,Egypt,395,NA,NA,31.499674,30.018923,395,NA,NA,395,2,395
Illinois Institute of Technology,United States,395,NA,NA,-87.6270059,41.8348731,396,NA,NA,395,2,395
HUFS - Hankuk (Korea) University of Foreign Studies,South Korea,397,NA,NA,127.057843,37.597319,397,NA,NA,397,2,397
"Goldsmiths, University of London",United Kingdom,398,NA,NA,-0.035408,51.474271,398,318,NA,398,2,398
Taipei Medical University,Taiwan,398,NA,NA,121.561618,25.025354,400,NA,NA,398,2,398
Brunel University London,United Kingdom,346,NA,450.5,-0.4692108,51.5331581,346,355,408,796.5,1,398.25
Kobe University,Japan,351,NA,450.5,135.2353953,34.7256185,352,NA,431,801.5,1,400.75
Ben-Gurion University of the Negev,Israel,352,NA,450.5,34.801461,31.262218,353,NA,406,802.5,1,401.25
University of Eastern Finland,Finland,455.5,NA,350.5,29.744203,62.603598,458,314,366,806,1,403
University of Saskatchewan,Canada,455.5,NA,350.5,-106.6313582,52.1334003,459,479,382,806,1,403
Saint Petersburg State Polytechnical University,Russia,405.5,NA,NA,30.3729168,60.0072983,403,NA,NA,405.5,2,405.5
Universidad Externado de Colombia,Colombia,405.5,NA,NA,-74.0685881,4.5953562,405,NA,NA,405.5,2,405.5
Gadjah Mada University,Indonesia,405.5,NA,NA,110.3774998,-7.7713847,406,NA,NA,405.5,2,405.5
V. N. Karazin Kharkiv National University,Ukraine,405.5,NA,NA,36.228139,50.004537,408,NA,NA,405.5,2,405.5
Vilnius University,Lithuania,405.5,NA,NA,25.2876469,54.6825757,409,NA,NA,405.5,2,405.5
University of Stirling,United Kingdom,405.5,NA,NA,-3.918879,56.1459171,411,338,NA,405.5,2,405.5
Stellenbosch University,South Africa,361,NA,450.5,18.864447,-33.9328078,362,390,452,811.5,1,405.75
University of Halle-Wittenberg,Germany,465.5,NA,350.5,11.9695315,51.4861319,462,NA,369,816,1,408
University of Florence,Italy,465.5,NA,350.5,11.259765,43.7776426,466,418,367,816,1,408
University of Rome Tor Vergata,Italy,465.5,NA,350.5,12.6297159,41.8515149,467,471,380,816,1,408
University of New Mexico,United States,465.5,NA,350.5,-106.6197812,35.0843187,469,NA,350,816,1,408
Wayne State University,United States,465.5,NA,350.5,-83.0665462,42.3591388,470,401,399,816,1,408
Polytechnic University of Valencia,Spain,373,NA,450.5,-0.3409521,39.4808377,376,NA,447,823.5,1,411.75
Tianjin University,China,475.5,NA,350.5,117.1672366,39.1101484,480,NA,353,826,1,413
American University of Sharjah,United Arab Emirates,415.5,NA,NA,55.4927023,25.3120502,412,NA,NA,415.5,2,415.5
Arabian Gulf University,Bahrain,415.5,NA,NA,50.571076,26.215736,413,NA,NA,415.5,2,415.5
Kazakh National Research Technical University after K.I.Satpayev,Kazakhstan,415.5,NA,NA,76.9297115,43.2364455,415,NA,NA,415.5,2,415.5
Taras Shevchenko National University of Kyiv,Ukraine,415.5,NA,NA,30.5104023,50.4420868,416,NA,NA,415.5,2,415.5
University of Costa Rica,Costa Rica,415.5,NA,NA,-84.0510292,9.9369951,417,NA,NA,415.5,2,415.5
Wake Forest University,United States,415.5,NA,NA,-80.2763425,36.1352495,421,297,NA,415.5,2,415.5
University of Konstanz,Germany,385,NA,450.5,9.1868777,47.689426,385,224,475,835.5,1,417.75
University of Naples Federico II,Italy,485.5,NA,350.5,14.2578058,40.845492,488,451,375,836,1,418
Jilin University,China,495.5,NA,350.5,125.309796,43.87036,494,NA,326,846,1,423
Universidade Estadual Paulista,Brazil,495.5,NA,350.5,-49.3597545,-20.7851971,498,NA,356,846,1,423
University of Guelph,Canada,495.5,NA,350.5,-80.2268613,43.5320995,500,NA,368,846,1,423
Bilkent University,Turkey,425.5,NA,NA,32.7475962,39.8746147,422,407,NA,425.5,2,425.5
Hitotsubashi University,Japan,425.5,NA,NA,139.4454577,35.6944035,423,NA,NA,425.5,2,425.5
Shanghai University,China,425.5,NA,NA,121.494038,31.306594,424,NA,NA,425.5,2,425.5
University of Hanover,Germany,405.5,NA,450.5,9.7196989,52.3829641,401,377,472,856,1,428
National Technical University of Athens,Greece,405.5,NA,450.5,23.7318586,37.9877159,402,NA,439,856,1,428
University of Coimbra,Portugal,405.5,NA,450.5,-8.4241509,40.2089072,407,NA,469,856,1,428
Washington State University,United States,405.5,NA,450.5,-117.1542121,46.7319225,410,350,498,856,1,428
University of Oulu,Finland,415.5,NA,450.5,25.4662935,65.0593177,419,283,485,866,1,433
Bond University,Australia,435.5,NA,NA,153.4166377,-28.0730934,432,NA,NA,435.5,2,435.5
Indian Institute of Technology Roorkee,India,435.5,NA,NA,77.8965787,29.8648599,436,NA,NA,435.5,2,435.5
Koç University,Turkey,435.5,NA,NA,29.0673835,41.1977964,437,324,NA,435.5,2,435.5
Pontifical Catholic University of Peru,Peru,435.5,NA,NA,-77.078437,-12.0690764,439,NA,NA,435.5,2,435.5
Swansea University,United Kingdom,435.5,NA,NA,-3.9763939,51.6106075,440,291,NA,435.5,2,435.5
University of Palermo,Argentina,435.5,NA,NA,-58.4159956,-34.5972377,441,NA,NA,435.5,2,435.5
Concordia University,Canada,435.5,NA,450.5,-73.5790227,45.4972657,434,NA,414,886,1,443
Auckland University of Technology,New Zealand,445.5,NA,NA,174.7673188,-36.8532194,443,403,NA,445.5,2,445.5
Kazan Federal University,Russia,445.5,NA,NA,49.1214349,55.790447,445,434,NA,445.5,2,445.5
Singapore Management University,Singapore,445.5,NA,NA,103.8501578,1.2962727,447,NA,NA,445.5,2,445.5
Sogang University,South Korea,445.5,NA,NA,126.9407529,37.5513365,448,NA,NA,445.5,2,445.5
University of Trento,Italy,445.5,NA,NA,11.1231165,46.0667967,449,295,NA,445.5,2,445.5
York University,Canada,445.5,NA,NA,-79.5018684,43.7734535,451,402,NA,445.5,2,445.5
Bangor University,United Kingdom,445.5,NA,450.5,-4.1299873,53.2295205,444,305,404,896,1,448
University of Fribourg,Switzerland,NA,NA,450.5,7.152006,46.806357,NA,214,471,450.5,2,450.5
University of Iceland,Iceland,NA,NA,450.5,-21.9518896,64.1396203,NA,219,473,450.5,2,450.5
"St George’s, University of London",United Kingdom,NA,NA,450.5,-0.1745034,51.4271937,NA,239,451,450.5,2,450.5
Ulsan National Institute of Science and Technology,South Korea,NA,NA,450.5,129.1909438,35.5738299,NA,247,461,450.5,2,450.5
Vita-Salute San Raffaele University,Italy,NA,NA,450.5,9.26735,45.506867,NA,250,497,450.5,2,450.5
University of Bayreuth,Germany,NA,NA,450.5,11.585831,49.9288196,NA,256,465,450.5,2,450.5
Bielefeld University,Germany,NA,NA,450.5,8.4947571,52.0378003,NA,257,407,450.5,2,450.5
University of Marburg,Germany,NA,NA,450.5,8.7741641,50.8106859,NA,275,479,450.5,2,450.5
Flinders University,Australia,NA,NA,450.5,138.5713281,-35.0244952,NA,315,420,450.5,2,450.5
Rush University,United States,NA,NA,450.5,-87.6692821,41.874661,NA,336,449,450.5,2,450.5
University of Côte d'Azur,France,NA,NA,450.5,7.2665874,43.7169034,NA,360,483,450.5,2,450.5
University of Trieste,Italy,NA,NA,450.5,13.7934477,45.658667,NA,394,492,450.5,2,450.5
Bar-Ilan University,Israel,NA,NA,450.5,34.8430876,32.0691989,NA,405,405,450.5,2,450.5
Florida International University,United States,NA,NA,450.5,-80.373949,25.756576,NA,419,421,450.5,2,450.5
University of KwaZulu-Natal,South Africa,NA,NA,450.5,30.9807272,-29.8674219,NA,435,476,450.5,2,450.5
University of Montana,United States,NA,NA,450.5,-113.9852081,46.8600672,NA,449,481,450.5,2,450.5
University of Oklahoma,United States,NA,NA,450.5,-97.5358282,35.5822671,NA,460,484,450.5,2,450.5
Amirkabir University of Technology,Iran,NA,NA,450.5,51.4091693,35.7040861,NA,NA,402,450.5,2,450.5
Aristotle University of Thessaloniki,Greece,NA,NA,450.5,22.9592224,40.6308283,NA,NA,403,450.5,2,450.5
China Agricultural University,China,NA,NA,450.5,116.352988,40.004202,NA,NA,411,450.5,2,450.5
City College of New York,USA,NA,NA,450.5,-73.9492724,40.8200471,NA,NA,413,450.5,2,450.5
East China Normal University,China,NA,NA,450.5,121.406829,31.227667,NA,NA,415,450.5,2,450.5
Universidade Federal de Minas Gerais,Brazil,NA,NA,450.5,-43.9663841,-19.8690878,NA,NA,418,450.5,2,450.5
Federal University of Rio Grande do Sul,Brazil,NA,NA,450.5,-51.218828,-30.0338248,NA,NA,419,450.5,2,450.5
Gyeongsang National University,South Korea,NA,NA,450.5,128.098095,35.15404,NA,NA,422,450.5,2,450.5
Harbin Engineering University,China,NA,NA,450.5,126.6146619,45.715606,NA,NA,423,450.5,2,450.5
Huazhong Agricultural University,China,NA,NA,450.5,114.353035,30.475126,NA,NA,425,450.5,2,450.5
Istanbul University,Turkey,NA,NA,450.5,28.961838,41.0126037,NA,NA,426,450.5,2,450.5
Kaohsiung Medical University,China tw,NA,NA,450.5,120.3097772,22.6473733,NA,NA,428,450.5,2,450.5
Kent State University,USA,NA,NA,450.5,-81.3414649,41.1490629,NA,NA,429,450.5,2,450.5
Kyungpook National University,South Korea,NA,NA,450.5,128.6113282,35.8900521,NA,NA,433,450.5,2,450.5
Mines ParisTech,France,NA,NA,450.5,2.339632,48.845585,NA,NA,434,450.5,2,450.5
Nanjing Agricultural University,China,NA,NA,450.5,118.842577,32.03341,NA,NA,435,450.5,2,450.5
Nanjing Medical University,China,NA,NA,450.5,118.774763,32.043846,NA,NA,436,450.5,2,450.5
Nanjing University of Aeronautics and Astronautics,China,NA,NA,450.5,118.8180754,32.0341244,NA,NA,437,450.5,2,450.5
Nanjing University of Science and Technology,China,NA,NA,450.5,118.855317,32.035225,NA,NA,438,450.5,2,450.5
New Mexico State University,USA,NA,NA,450.5,-106.7479059,32.2787745,NA,NA,440,450.5,2,450.5
Northeastern University (Shenyang),China,NA,NA,450.5,123.4145076,41.7674641,NA,NA,441,450.5,2,450.5
Northwest University,China,NA,NA,450.5,-122.1924837,47.6576921,NA,NA,442,450.5,2,450.5
Oklahoma State University–Stillwater,USA,NA,NA,450.5,-97.0737222,36.1270236,NA,NA,444,450.5,2,450.5
Osaka City University,Japan,NA,NA,450.5,135.5050308,34.5905808,NA,NA,445,450.5,2,450.5
Peking Union Medical College,China,NA,NA,450.5,116.41481,39.911431,NA,NA,446,450.5,2,450.5
Stockholm School of Economics,Sweden,NA,NA,450.5,18.0567906,59.3416182,NA,NA,453,450.5,2,450.5
University of Texas at Arlington,USA,NA,NA,450.5,-97.1140116,32.7298718,NA,NA,456,450.5,2,450.5
The University of Texas Medical Branch at Galveston,USA,NA,NA,450.5,-94.7777698,29.3110199,NA,NA,457,450.5,2,450.5
University of Tokushima,Japan,NA,NA,450.5,134.559832,34.070001,NA,NA,458,450.5,2,450.5
Thomas Jefferson University,USA,NA,NA,450.5,-75.1922881,40.0187208,NA,NA,459,450.5,2,450.5
Tokyo University of Science,Japan,NA,NA,450.5,139.741398,35.699399,NA,NA,460,450.5,2,450.5
James I University,Spain,NA,NA,450.5,-0.0689003,39.9945711,NA,NA,462,450.5,2,450.5
University at Albany,USA,NA,NA,450.5,-73.8243474,42.6858882,NA,NA,463,450.5,2,450.5
University of Aveiro,Portugal,NA,NA,450.5,-8.657506,40.6303024,NA,NA,464,450.5,2,450.5
University of Ferrara,Italy,NA,NA,450.5,11.6262692,44.8334299,NA,NA,470,450.5,2,450.5
University of Johannesburg,South Africa,NA,NA,450.5,28.0171001,-26.1875311,NA,NA,474,450.5,2,450.5
University of Ljubljana,Slovenia,NA,NA,450.5,14.5041552,46.0491938,NA,NA,477,450.5,2,450.5
University of Minho,Portugal,NA,NA,450.5,-8.3962883,41.5609263,NA,NA,480,450.5,2,450.5
University of New Hampshire - Durham,USA,NA,NA,450.5,-70.9370252,43.138948,NA,NA,482,450.5,2,450.5
University of Palermo,Italy,NA,NA,450.5,13.369838,38.11779,NA,NA,486,450.5,2,450.5
University of Regensburg,Germany,NA,NA,450.5,12.0951719,48.9980812,NA,NA,488,450.5,2,450.5
University of Rostock,Germany,NA,NA,450.5,12.1035044,54.0755448,NA,NA,489,450.5,2,450.5
University of the Basque Country,Spain,NA,NA,450.5,-2.9678921,43.3309433,NA,NA,491,450.5,2,450.5
University of Valencia,Spain,NA,NA,450.5,-0.3593863,39.4793254,NA,NA,494,450.5,2,450.5
University of Wyoming,USA,NA,NA,450.5,-105.5665744,41.3148754,NA,NA,495,450.5,2,450.5
West Virginia University,USA,NA,NA,450.5,-79.9559358,39.6361396,NA,NA,499,450.5,2,450.5
Wuhan University of Technology,China,NA,NA,450.5,114.3424844,30.5986568,NA,NA,500,450.5,2,450.5
Beijing Institute of Technology,China,455.5,NA,NA,116.3115442,39.9571098,452,NA,NA,455.5,2,455.5
Institut National des Sciences Appliquées de Lyon,France,455.5,NA,NA,4.878273,45.782938,453,NA,NA,455.5,2,455.5
Khalifa University,United Arab Emirates,455.5,NA,NA,54.3949236,24.4473236,454,323,NA,455.5,2,455.5
Sultan Qaboos University,Oman,455.5,NA,NA,58.1730322,23.5909657,455,NA,NA,455.5,2,455.5
Tulane University,United States,455.5,NA,NA,-90.1207279,29.9403477,456,395,NA,455.5,2,455.5
University of Santiago,Chile,455.5,NA,NA,-70.6861315,-33.4517605,457,NA,NA,455.5,2,455.5
Jagiellonian University,Poland,465.5,NA,450.5,19.9341074,50.0609623,461,NA,427,916,1,458
University of Potsdam,Germany,465.5,NA,450.5,13.0119098,52.4010314,468,232,487,916,1,458
Pontifical Xavierian University,Colombia,465.5,NA,NA,-74.0649077,4.6284578,463,NA,NA,465.5,2,465.5
Sabancı University,Turkey,465.5,NA,NA,29.3764651,40.8918026,464,387,NA,465.5,2,465.5
University of Zaragoza,Spain,465.5,NA,NA,-0.9015065,41.6420639,465,NA,NA,465.5,2,465.5
Cairo  University,Egypt,485.5,NA,450.5,31.2097971,30.0274734,482,NA,409,936,1,468
University of Bremen,Germany,485.5,NA,450.5,8.85204,53.106758,489,258,466,936,1,468
American University,United States,475.5,NA,NA,-77.0873929,38.9392688,471,352,NA,475.5,2,475.5
Dongguk University,South Korea,475.5,NA,NA,127.0007751,37.5575367,472,NA,NA,475.5,2,475.5
Johannes Kepler University Linz,Austria,475.5,NA,NA,14.3209597,48.3358372,475,NA,NA,475.5,2,475.5
Karl-Franzens-Universitaet Graz,Austria,475.5,NA,NA,15.4499126,47.0777872,476,421,NA,475.5,2,475.5
King Khalid University,Saudi Arabia,475.5,NA,NA,42.5595393,18.2488367,477,NA,NA,475.5,2,475.5
Middle East Technical University,Turkey,475.5,NA,NA,32.7780027,39.8910203,478,NA,NA,475.5,2,475.5
Sharif University of Technology,"Iran, Islamic Republic of",475.5,NA,NA,51.351593,35.7036366,479,NA,NA,475.5,2,475.5
Aberystwyth University,United Kingdom,485.5,NA,NA,-4.065692,52.418073,481,301,NA,485.5,2,485.5
Chang Gung University,Taiwan,485.5,NA,NA,121.3874856,25.0334479,483,NA,NA,485.5,2,485.5
Renmin University of China,China,485.5,NA,NA,116.3188145,39.9696062,486,NA,NA,485.5,2,485.5
Università Cattolica del Sacro Cuore,Italy,485.5,NA,NA,9.1771785,45.4621325,487,NA,NA,485.5,2,485.5
University of Delhi,India,485.5,NA,NA,77.1638282,28.5842523,490,NA,NA,485.5,2,485.5
"University of Maryland, Baltimore County",United States,485.5,NA,NA,-76.7109751,39.2556129,491,442,NA,485.5,2,485.5
Boğaziçi University,Turkey,495.5,NA,NA,29.0510399,41.0847571,492,409,NA,495.5,2,495.5
Czech Technical University in Prague,Czech Republic,495.5,NA,NA,14.3912841,50.1030364,493,NA,NA,495.5,2,495.5
Kazakh National Pedagogical University,Kazakhstan,495.5,NA,NA,76.955183,43.256325,495,NA,NA,495.5,2,495.5
Technical University of Madrid,Spain,495.5,NA,NA,-3.7192798,40.4486372,496,NA,NA,495.5,2,495.5
Pusan National University,South Korea,495.5,NA,NA,129.0797747,35.2338855,497,NA,NA,495.5,2,495.5
Saint Joseph University of Beirut,Lebanon,495.5,NA,NA,35.5085626,33.8916758,499,NA,NA,495.5,2,495.5
Ural Federal University,Russia,495.5,NA,NA,60.6161195,56.8404249,501,NA,NA,495.5,2,495.5
Copenhagen Business School,Denmark,NA,NA,NA,12.529679,55.681611,NA,210,NA,0,3,NaN
University of Duisburg-Essen,Germany,NA,NA,NA,6.801008,51.4277172,NA,212,NA,0,3,NaN
University of Passau,Germany,NA,NA,NA,13.4517835,48.5670466,NA,231,NA,0,3,NaN
RCSI-Bahrain,Ireland,NA,NA,NA,50.5969927,26.261768,NA,236,NA,0,3,NaN
University of Tampere,Finland,NA,NA,NA,23.7788528,61.4936494,NA,241,NA,0,3,NaN
Clark University,United States,NA,NA,NA,-71.8246703,42.2523452,NA,260,NA,0,3,NaN
Colorado School of Mines,United States,NA,NA,NA,-105.2225705,39.7510136,NA,262,NA,0,3,NaN
University of Hohenheim,Germany,NA,NA,NA,9.2119425,48.7109551,NA,268,NA,0,3,NaN
Syracuse University,United States,NA,NA,NA,-76.1351158,43.0391534,NA,293,NA,0,3,NaN
College of William & Mary,United States,NA,NA,NA,-76.713378,37.271674,NA,298,NA,0,3,NaN
University of Alaska Fairbanks,United States,NA,NA,NA,-147.8335418,64.8557566,NA,302,NA,0,3,NaN
Anglia Ruskin University,United Kingdom,NA,NA,NA,0.1345112,52.2032672,NA,303,NA,0,3,NaN
Babol Noshirvani University of Technology,Iran,NA,NA,NA,52.6805769,36.5611415,NA,304,NA,0,3,NaN
Brighton and Sussex Medical School,United Kingdom,NA,NA,NA,-0.0857006,50.8641901,NA,309,NA,0,3,NaN
Charles Darwin University,Australia,NA,NA,NA,130.8689199,-12.3717852,NA,310,NA,0,3,NaN
University of Denver,United States,NA,NA,NA,-104.9618965,39.6766174,NA,313,NA,0,3,NaN
Free University of Bozen-Bolzano,Italy,NA,NA,NA,11.6534297,46.7151241,NA,316,NA,0,3,NaN
Medical University of Graz,Austria,NA,NA,NA,15.467423,47.0796111,NA,327,NA,0,3,NaN
TU Dortmund,Germany,NA,NA,NA,7.4128386,51.4926981,NA,341,NA,0,3,NaN
Victoria University,Australia,NA,NA,NA,144.898734,-37.793693,NA,346,NA,0,3,NaN
University of Alabama,United States,NA,NA,NA,-87.5391418,33.2140233,NA,351,NA,0,3,NaN
University of Canberra,Australia,NA,NA,NA,149.0824668,-35.2384588,NA,356,NA,0,3,NaN
University of Crete,Greece,NA,NA,NA,25.0826527,35.3073146,NA,361,NA,0,3,NaN
Cyprus University of Technology,Cyprus,NA,NA,NA,33.044167,34.675141,NA,363,NA,0,3,NaN
Federal University of Toulouse Midi-Pyrénées,France,NA,NA,NA,1.4506494,43.5943757,NA,365,NA,0,3,NaN
Georgia State University,United States,NA,NA,NA,-84.3852819,33.753068,NA,367,NA,0,3,NaN
University of Economics and Innovation,Russian Federation,NA,NA,NA,37.6276697,55.7273504,NA,371,NA,0,3,NaN
University of Giessen,Germany,NA,NA,NA,8.6780201,50.58052,NA,373,NA,0,3,NaN
University of Macau,Macao,NA,NA,NA,113.5575513,22.1634112,NA,379,NA,0,3,NaN
Örebro University,Sweden,NA,NA,NA,15.24923,59.254276,NA,382,NA,0,3,NaN
Royal Veterinary College,United Kingdom,NA,NA,NA,-0.1339696,51.5366976,NA,386,NA,0,3,NaN
University of Salerno,Italy,NA,NA,NA,14.7920179,40.7687118,NA,388,NA,0,3,NaN
Université de Versailles Saint-Quentin-en-Yvelines,France,NA,NA,NA,2.1415644,48.799627,NA,399,NA,0,3,NaN
University of Bari,Italy,NA,NA,NA,16.8684745,41.1205546,NA,404,NA,0,3,NaN
University of Bergamo,Italy,NA,NA,NA,9.6604904,45.7044335,NA,406,NA,0,3,NaN
Binghamton University,United States,NA,NA,NA,-75.9697049,42.0893553,NA,408,NA,0,3,NaN
University of Brescia,Italy,NA,NA,NA,10.217297,45.537837,NA,410,NA,0,3,NaN
University of Calabria,Italy,NA,NA,NA,16.2257177,39.3650216,NA,411,NA,0,3,NaN
Chung-Ang University,South Korea,NA,NA,NA,126.956954,37.504147,NA,414,NA,0,3,NaN
University of Cyprus,Cyprus,NA,NA,NA,33.3770175,35.1600014,NA,416,NA,0,3,NaN
University of Genoa,Italy,NA,NA,NA,8.926743,44.4149029,NA,420,NA,0,3,NaN
Graz University of Technology,Austria,NA,NA,NA,15.4503154,47.0691371,NA,422,NA,0,3,NaN
University of Greifswald,Germany,NA,NA,NA,13.3746059,54.095094,NA,423,NA,0,3,NaN
Technical University of Hamburg,Germany,NA,NA,NA,9.969594,53.4635352,NA,424,NA,0,3,NaN
Hasselt University,Belgium,NA,NA,NA,5.342293,50.9335322,NA,425,NA,0,3,NaN
Hofstra University,United States,NA,NA,NA,-73.5994041,40.716792,NA,426,NA,0,3,NaN
University of Hull,United Kingdom,NA,NA,NA,-0.3680781,53.7737034,NA,430,NA,0,3,NaN
Jordan University of Science and Technology,Jordan,NA,NA,NA,35.9912257,32.4950392,NA,431,NA,0,3,NaN
University of Kaiserslautern,Germany,NA,NA,NA,7.7555496,49.4253774,NA,433,NA,0,3,NaN
Université Lille Nord de France,France,NA,NA,NA,3.0739621,50.6283462,NA,437,NA,0,3,NaN
Louisiana State University,United States,NA,NA,NA,-92.4143367,31.178112,NA,438,NA,0,3,NaN
Makerere University,Uganda,NA,NA,NA,32.5709881,0.329183,NA,439,NA,0,3,NaN
Marche Polytechnic University,Italy,NA,NA,NA,13.5127759,43.6171442,NA,441,NA,0,3,NaN
Maynooth University,Ireland,NA,NA,NA,-6.5967865,53.3798527,NA,444,NA,0,3,NaN
Middlesex University,United Kingdom,NA,NA,NA,-0.2293647,51.5898748,NA,445,NA,0,3,NaN
University of Modena and Reggio Emilia,Italy,NA,NA,NA,10.9279268,44.6451046,NA,448,NA,0,3,NaN
Murdoch University,Australia,NA,NA,NA,115.8338628,-32.0692218,NA,450,NA,0,3,NaN
University of Nebraska Medical Center,United States,NA,NA,NA,-95.9756821,41.2548019,NA,455,NA,0,3,NaN
University of Neuchâtel,Switzerland,NA,NA,NA,6.9387031,46.9938549,NA,456,NA,0,3,NaN
Northern Arizona University,United States,NA,NA,NA,-111.6547075,35.1851895,NA,457,NA,0,3,NaN
Norwegian University of Life Sciences,Norway,NA,NA,NA,10.7678837,59.6662655,NA,458,NA,0,3,NaN
Open University,United Kingdom,NA,NA,NA,-0.7084034,52.0250351,NA,461,NA,0,3,NaN
University of Parma,Italy,NA,NA,NA,10.3255713,44.8012317,NA,463,NA,0,3,NaN
Plymouth University,United Kingdom,NA,NA,NA,-4.1395777,50.3759061,NA,464,NA,0,3,NaN
Quaid-i-Azam University,Pakistan,NA,NA,NA,73.138121,33.747648,NA,468,NA,0,3,NaN
Università degli Studi Roma Tre,Italy,NA,NA,NA,12.479095,41.862585,NA,472,NA,0,3,NaN
Roskilde University,Denmark,NA,NA,NA,12.1407801,55.653207,NA,473,NA,0,3,NaN
Rovira i Virgili University,Spain,NA,NA,NA,1.260497,41.1196609,NA,474,NA,0,3,NaN
San Diego State University,United States,NA,NA,NA,-117.0718893,32.7757217,NA,478,NA,0,3,NaN
Semmelweis University,Hungary,NA,NA,NA,19.0674834,47.4872816,NA,481,NA,0,3,NaN
University of Siegen,Germany,NA,NA,NA,8.0254525,50.9112595,NA,482,NA,0,3,NaN
University of Siena,Italy,NA,NA,NA,11.3329627,43.3191797,NA,483,NA,0,3,NaN
Southern Cross University,Australia,NA,NA,NA,153.297815,-28.81799,NA,485,NA,0,3,NaN
University of Texas at San Antonio,United States,NA,NA,NA,-98.6196556,29.5830446,NA,489,NA,0,3,NaN
University of Tulsa,United States,NA,NA,NA,-95.946,36.1519879,NA,493,NA,0,3,NaN
University of Urbino,Italy,NA,NA,NA,12.6367849,43.7243069,NA,496,NA,0,3,NaN
University of Verona,Italy,NA,NA,NA,11.003376,45.437398,NA,497,NA,0,3,NaN
University of Wisconsin–Milwaukee,United States,NA,NA,NA,-87.8819686,43.078263,NA,500,NA,0,3,NaN
